"id","city_id","name","app_number","terminal_type","place_type","bike_racks","special_racks","rack_locks","lon","lat"
115106264,148,Rajd rowerowy,56000,"",0,0,0,,17.02811,51.089968
133224597,362,virtuell - TIER HQ (Eichhornstraße/Nordost),10165,free,17,6,0,,13.373387,52.506502
142186362,135,BIKE 500100,0,"",12,0,0,,7.821669,51.677449
940986,176,Bahnhof Trassenmoor 5525,5525,"",0,6,0,,13.868973,54.090538
93646685,176,Mutter/Vater-Kind-Kurklinik Haus Möwennest Zinnowitz,5529,stele,0,15,0,,13.91897,54.073088
110481932,613,"Regionalkonferenz, kleiner Bahnhof, Kielregion , Pop Up",20162,"",21,0,0,,10.139056,54.299494
109357224,529,WOSIR | Drzonków,1161,free,0,0,0,,15.570169,51.898206
114363175,16,Herford Bielefelder Str. 5,33081,free,0,0,0,,8.664605,52.113828
114403576,16,Herford Bf.,33082,free,0,0,0,,8.663972,52.118889
84538746,129,DB Schenker,7599,traffic_sign,0,0,0,,7.501264,51.532452
111365509,243,Station Road,8494,smart_sign,0,20,0,,-3.93612,56.119272
143316686,14,(H) Neunfelder Str.,50770,free,16,0,0,,7.055833,50.969579
405835,302,Birkirkara Road,6868,sign,0,6,0,,14.481456,35.906836
8612883,302,Wasteserv,6839,"7inch",0,6,0,,14.552025,35.862522
6626134,302,Salini Resort,6850,sign,0,6,0,,14.426363,35.948134
47283600,729,VIVO! Lublin,60151,sign,0,15,0,,22.57565,51.25066
146730109,661,P1 - Vekopřevorské nám.,49545,sign,0,2,0,,14.406686,50.086084
66072,176,Fahrradverleih Holtz Karlshagen 5502,5502,stele,0,6,0,,13.828264,54.117313
66080,176,Fahrradverleih Hertel Trassenheide 5503,5503,sign,0,6,0,,13.870595,54.093233
113293226,50,recording_158940958,0,free,0,0,0,,6.79646,51.196363
107283844,362,virtuell - U Friedrich-Wilhelm-Platz,1554,free,17,4,0,,13.327917,52.471278
110473405,629,FORMENTERA,3865,"",0,0,0,,1.434906,38.91246
67303995,613,"Straßenfest Teichstraße , Pop Up",20152,"",21,0,0,,10.129153,54.329466
81369279,129,InnaMoRuhr Reallabor,7581,free,0,0,0,,7.416148,51.491519
258292,176,Hangar 10 am Flugplatz  5618,5618,stele,6,6,0,,14.146521,53.876952
115719848,728,Università di Bergamo (event),61099,"",17,0,0,,9.660852,45.687009
130175397,184,Gmünd / WK,355300,"",0,0,0,,14.979298,48.768507
78410116,613,"Klimawoche, Lille-Brauerei, Pop Up",20153,"",21,0,0,,10.111595,54.331277
115981729,362,virtuell - EDEKA Gracka,1602,free,17,4,0,,13.309212,52.51829
6009712,192,Kórnicka,15512,"7inch",0,15,0,,16.95297,52.39908
140911390,833,TMB Test station,34980,stele,14,10,0,,2.143654,41.346571
81369035,134,Wissenschaftspark Gelsenkirchen,7580,free,0,0,0,,7.107439,51.497658
144456371,14,Wiener Platz 8 (R),50798,sign,17,0,0,,7.005359,50.963124
4918885,8,Frankfurt University (Gebäude 1),4198,free,0,0,0,,8.692959,50.129929
4919882,8,AStA Frankfurt University of Applied Sciences,4227,sign,0,10,0,,8.69218,50.13039
3318701,210,E-bike - Plac Trzech Krzyży,9705,"7inch",14,15,0,,21.023372,52.227975
75832440,767,Lipůvka,48537,sign,0,0,0,,16.552767,49.33905
116159612,362,virtuell - EDEKA Herrfurth,1716,free,17,4,0,,13.422892,52.477109
72520083,431,Arena,3955,"7inch",0,17,0,,18.05416,51.74862
108937551,362,BIKE 17810,0,"",12,0,0,,13.450139,52.496616
116147875,362,virtuell - EDEKA Andreasstraße,1635,free,17,4,0,,13.431693,52.515059
352763,281,Talavera / Luitpoldstr. / Zugang zum LGS 90,4110,"7inch",0,12,0,,9.920923,49.797818
352762,281,Hauptbahnhof / Bahnhofsvorplatz,4112,"7inch",0,12,0,,9.935843,49.80115
72520522,431,Dobrzecka/Reja,3964,"7inch",0,12,0,,18.07064,51.758
2681666,372,Warsaw Spire,6423,character,0,20,0,,20.98335,52.232524
202968,174,Zehn vor Wien / Strebersdorferhof,3563,"",0,0,0,,16.387085,48.29181
2553613,192,Bułgarska / Marcelińska,15601,"7inch",0,14,0,,16.86674,52.40465
2553667,192,Rynek Wschodni,15605,"7inch",0,15,0,,16.97072,52.42123
2553676,192,Koronkarska,15606,"7inch",0,15,0,,16.96008,52.41643
2553679,192,Złotowska,15609,"7inch",0,13,0,,16.82359,52.40972
4009817,192,Kościuszki,15544,"7inch",0,24,0,,16.92183,52.40354
57216280,660,Lidl - Palackého tř.,48551,sign,0,0,0,,16.591177,49.230506
8338582,521,Stary Rynek,2226,"7inch",0,15,0,,19.685721,52.544611
8338591,521,Zalew Sobótka,2227,"7inch",0,15,0,,19.67978,52.545768
8338695,521,Kobylińskiego - Bielska,2235,"7inch",0,20,0,,19.690318,52.549954
9945912,521,Nowe Gulczewo – Gmina Słupno,2273,"7inch",0,15,0,,19.773228,52.533624
13696021,521,Harcerska - Żelazna,2252,"7inch",0,15,0,,19.76878,52.51409
13696183,521,Przemysłowa - NSZ,2253,"7inch",0,15,0,,19.69811,52.56075
13696193,521,Górna,2251,"7inch",0,15,0,,19.72477,52.53548
20066490,521,Galeria Mazovia,2254,"7inch",0,10,0,,19.750271,52.537442
28526473,521,Traktowa - Szpitalna,2277,"7inch",0,15,0,,19.64106,52.56087
33275893,639,ORLEN-Brama 1,6366,character,0,15,0,,19.652876,52.586098
33277348,639,ORLEN-Przemysłowa/Kostrogaj,6391,character,0,15,0,,19.702693,52.569308
33277356,639,ORLEN-Mazowiecka/Korczaka,6392,character,0,15,0,,19.757817,52.515973
33277361,639,ORLEN-Grabina,6393,character,0,15,0,,19.641475,52.48348
33277367,639,ORLEN-Portowa/Kolejowa,6394,character,0,15,0,,19.684938,52.532262
33278936,639,ORLEN-Brama 2,6367,character,0,29,0,,19.678088,52.577019
89818582,8,Ginnheim U-Bahn Niddapark,4310,free,0,0,0,,8.6438,50.145374
14042908,620,Rondo Żabikowskie,6244,"7inch",0,15,0,,16.882107,52.352165
17631408,613,Hafen Laboe,20018,sign,14,5,0,,10.219583,54.403583
115995040,613,"Gesundheitstag der Landesministerien, Pop Up",20153,"",21,0,0,,10.152999,54.335869
121575,192,Rondo Śródka,15567,"7inch",0,28,0,,16.95538,52.409265
121576,192,Królowej Jadwigi/Juracka,15568,"7inch",0,16,0,,16.95003,52.396245
121577,192,Półwiejska,15569,"7inch",0,14,0,,16.928226,52.400894
104996978,613,"Klärwerk Bülk, Pop Up",20154,"",21,0,0,,10.190165,54.453551
28453552,660,Hviezdoslavova - Lidl,46658,sign,0,0,0,,16.66928,49.182885
1117377,192,Rynek Łazarski,15555,sign,0,20,0,,16.900883,52.394213
30240032,681,Městský stadion - vstup,47747,sign,0,0,0,,14.91361,50.42561
117329488,691,Schmerbroich,538534,traffic_sign,17,0,0,,7.2137,50.763476
13020648,192,Bukowska/Polna,15628,sign,0,0,0,,16.894423,52.409034
63562936,626,Erlangen - Hauptbahnhof,4601,smart_sign,0,0,0,,11.000565,49.595691
63563027,626,Erlangen - Mozartstraße,4602,smart_sign,0,0,0,,11.012501,49.591762
63563167,626,Erlangen - Siemens Campus,4603,smart_sign,0,0,0,,10.999546,49.578024
139041176,773,KLARA Sparchen,32524,sign,23,1,0,,12.17886,47.590185
135791419,362,virtuell - Reuchlinstraße/Huttenstraße,102,free,17,4,0,,13.334105,52.526762
13019593,192,Włodarska,15616,sign,0,0,0,,16.946361,52.436487
13019643,192,Połabska Pętla,15617,sign,0,0,0,,16.930697,52.43528
13019798,192,Bonin,15618,sign,0,0,0,,16.909132,52.430317
13019825,192,Os. Winiary,15619,sign,0,0,0,,16.911496,52.435746
13019869,192,Niestachowska/Wojska Polskiego,15620,sign,0,0,0,,16.8984,52.4283
13019997,192,Puszkina,15622,sign,0,0,0,,16.86505,52.452518
13020504,192,Mogileńska,15625,sign,0,0,0,,16.99294,52.409727
13021542,192,Dmowskiego/Bosa,15635,sign,0,0,0,,16.891601,52.38217
13021719,192,Opolska/Jesionowa,15638,sign,0,0,0,,16.895641,52.36726
33720926,192,Grunwaldzka/Wojskowa,15664,sign,0,0,0,,16.89359,52.40333
33721112,192,Naramowicka/Bolka,15667,sign,0,0,0,,16.94792,52.45234
33721136,192,Piątkowska,15668,sign,0,0,0,,16.91197,52.44168
33721177,192,ZDM/Wilczak,15670,sign,0,0,0,,16.95041,52.43004
33721205,192,Hlonda/Smolna,15671,sign,0,0,0,,16.96585,52.42287
33721218,192,Folwarczna,15672,sign,0,0,0,,17.00426,52.3888
33721242,192,Leszka/Browarna,15673,sign,0,0,0,,17.02459,52.40797
33721380,192,Rondo Minikowo,15678,sign,0,0,0,,16.94262,52.35527
33721439,192,Rondo Wielka Starołęka,15679,sign,0,0,0,,16.91839,52.34235
33721452,192,Książęca,15680,sign,0,0,0,,16.93048,52.36628
33721465,192,Głogowska/Rawicka,15681,sign,0,0,0,,16.86959,52.37494
33721479,192,Unii Lubelskiej,15682,sign,0,0,0,,16.94975,52.37236
33721597,192,PKP Podolany,15666,sign,0,0,0,,16.88027,52.44853
41445743,192,Inflancka/os. Lecha,15689,sign,0,0,0,,16.968673,52.391365
41445756,192,Radziejewskiego,15688,sign,0,0,0,,16.975188,52.392587
41445765,192,Rembertowska,15687,sign,0,0,0,,16.870142,52.386188
41445777,192,Bukowska/Kolorowa,15686,sign,0,0,0,,16.865293,52.411825
41445793,192,Golęcińska,15685,sign,0,0,0,,16.883585,52.431607
41445816,192,Szczepankowo,15684,sign,0,0,0,,17.009386,52.364543
27582750,661,P5-Peroutkova - Finančí úřad pro Prahu 5,46061,sign,0,10,0,,14.38303,50.06173
11268759,557,Święta Jadwiga,3787,"7inch",0,15,0,,18.946631,50.292195
3015693,342,Galeria '3 Stawy',5897,character,0,12,0,,19.03625,50.243596
136259166,362,virtuell - Koenigsallee/Oberhaardter Weg,10506,free,17,4,0,,13.263155,52.48269
121962,8,Hauptbahnhof / Vorplatz,4240,free,0,0,0,,8.664126,50.107625
66405,176,Bahnhof Bansin 5520,5520,stele,0,10,0,,14.131036,53.964433
66407,176,Am Warmbad Bansin 5522,5522,stele,0,7,0,,14.145614,53.971177
66428,176,Stadtinfo im Naturparkhaus Usedom 5535,5535,stele,8,10,0,,13.91584,53.874597
68610,176,Bahnhof Ückeritz 5545,5545,"",0,12,0,,14.050602,54.013632
71183,176,Hafen Zinnowitz 5547,5547,stele,0,10,0,,13.91764,54.063296
139803,176,Ostseehotel Villen im Park Bansin Seestr.  5521,5521,"",7,6,0,,14.136658,53.968022
150600,176,Goethestr. Ecke Jägerstr. Kölpinsee 5575,5575,stele,0,6,0,,14.020703,54.037941
151806,176,Promenadenhalle Wulf Zinnowitz 5576,5576,stele,6,12,0,,13.915595,54.08092
152977,176,Landhotel Lieper Winkel Rankwitz 5577,5577,stele,0,6,0,,13.928435,53.946245
350550,176,Seebrücke Heringsdorf 5630,5630,stele,0,8,0,,14.169472,53.955476
350551,176,Ostseetherme Heringsdorf 5631,5631,stele,0,6,0,,14.177722,53.945543
350568,176,Sandskulpturenfestival Usedom 5656,5656,"",0,8,0,,14.215059,53.923028
55396536,713,Bahnhof Plön,20097,sign,21,0,0,,10.422293,54.159606
55396684,713,Wentorper Platz,20098,sign,21,0,0,,10.412915,54.157858
67299357,713,Fegetasche,20103,sign,21,0,0,,10.449126,54.153731
67299840,713,Ascheberger Parkplatz,20104,sign,21,0,0,,10.404486,54.152798
96379390,713,Kreisverwaltung,20122,sign,21,0,0,,10.40806,54.15536
103604464,133,Ruhrtrienalle Zeche Zollverein,7190,free,0,0,0,,7.044485,51.489604
105818242,354,Hampton by Hilton Exeter Airport,82532,sign,0,0,0,,-3.403836,50.729335
460412,281,Rathaus (Glockengasse),4114,free,0,0,0,,9.928057,49.792957
697368,281,Pestalozzistraße,4120,free,0,0,0,,9.951772,49.802674
460396,281,Ulmer Hof (Juliuspromenade),4116,free,0,0,0,,9.929165,49.796757
697350,281,Hartmannstraße / Sedanstraße,4118,free,0,0,0,,9.911782,49.794778
697363,281,Wagnerplatz,4119,free,0,0,0,,9.944666,49.802091
489564,281,Neubaustraße (Gotengasse),4115,free,0,0,0,,9.928545,49.790785
697370,281,Sanderring,4121,free,0,0,0,,9.932499,49.784846
1067038,281,Arndtstraße / Platenstraße,4122,free,0,0,0,,9.9348,49.779463
115413819,64,Ma. Enzersdorf / Gabrium,1,"",0,0,0,,16.299178,48.094352
2676298,210,Veturilko - Sanguszki - Wybrzeże Gdańskie,9716,"7inch",15,15,0,,21.010043,52.255871
2685255,210,Veturilko - Kępa Potocka,9711,"7inch",15,15,0,,20.991692,52.278754
3318711,210,E-bike - Krakowskie Przedmieście – Traugutta,9706,"7inch",14,15,0,,21.016695,52.239358
3454384,210,Rondo Waszyngtona - Stadion Narodowy 1,96821,"7inch",0,27,0,,21.050752,52.23871
448566,372,New City,6414,character,0,15,0,,20.997491,52.177909
1154451,372,Proximo,6416,character,0,20,0,,20.982705,52.230327
65937,176,Ferienwohnanlage `Alte Molkerei` Liepe 5533,5533,stele,7,15,0,,13.940583,53.967273
66065,176,Bahnhof Peenemünde  5501,5501,stele,0,14,0,,13.774069,54.138803
66081,176,Dünenwald Klinik Trassenheide Haupteingang 5504,5504,stele,0,11,0,,13.876208,54.096457
2681610,372,Atrium Targówek,6403,character,0,25,0,,21.058972,52.302653
2681615,372,Central Park Ursynów,6405,character,0,15,0,,20.993269,52.1631
2681617,372,Citi,6406,"7inch",0,15,0,,20.991676,52.180873
2685263,210,Veturilko - Park Praski,9713,"7inch",15,15,0,,21.02896,52.252572
2685269,210,Veturilko - Pole Mokotowskie,9714,"7inch",15,15,0,,20.998365,52.210565
2685274,210,Veturilko - Rondo Waszyngtona - Stadion Narodowy,9715,"7inch",15,15,0,,21.05085,52.238451
27651878,663,Zeyerova 28,47072,sign,0,0,0,,17.27226,49.59259
66400,176,Usedom Rad GmbH Zentrale 5555,5555,"",0,0,0,,14.051991,54.013093
104992572,710,"Rendsburger Herbst, Pop UP 25.08.2022",20155,"",21,0,0,,9.662696,54.306634
32443296,660,Campus Square,46694,sign,0,0,0,,16.565387,49.176878
373710,192,Grunwaldzka / Grochowska,15585,"7inch",0,14,0,,16.876534,52.399447
373713,192,AWF,15587,"7inch",0,17,0,,16.935017,52.398661
391431,192,Traugutta,15600,"7inch",0,16,0,,16.914101,52.384994
27605467,661,P8-Sokolovská 40/57,46359,sign,0,10,0,,14.44722,50.0932
285134,192,Boranta,15573,"7inch",0,10,0,,16.94762,52.455836
373089,192,Politechnika Centrum Wykładowe,15580,"7inch",0,12,0,,16.949914,52.402818
373090,192,Park Sołacki,15581,"7inch",0,10,0,,16.908774,52.421097
62573807,192,Strzeszynek,15693,sign,0,0,0,,16.828928,52.464013
62573949,192,Cegłowskiej,15694,sign,0,0,0,,16.870265,52.445317
62573952,192,Rusałka,15695,sign,0,0,0,,16.877842,52.430103
62573958,192,Druskienicka,15696,sign,0,0,0,,16.886981,52.442832
62573982,192,Zawady,15697,sign,0,0,0,,16.958391,52.41368
1935062,394,"Lidl, ul. Wilkońskich",15611,"7inch",0,15,0,,16.890026,52.415888
4328771,394,Factory Poznań,15612,"7inch",0,15,0,,16.886571,52.353718
124570451,717,Žale,8290,free,17,4,0,,14.529542,46.06872
18242657,372,Eko - Rowery NFOŚiGW,6447,"7inch",0,15,0,,21.00165,52.18528
72520117,431,Teatr,3956,"7inch",0,17,0,,18.09292,51.75893
72520145,431,Poznańska/Szpital,3957,"7inch",0,12,0,,18.06592,51.76277
72520214,431,Podmiejska/Orlik,3958,"7inch",0,17,0,,18.06063,51.75399
72520259,431,Młynarska/Wąska,3959,"7inch",0,12,0,,18.07321,51.75273
72520339,431,Park Przyjaźni,3960,"7inch",0,17,0,,18.08574,51.7501
28452248,660,Okružní - Lidl,46655,sign,0,0,0,,16.624938,49.221959
17929936,630,Plewiska Remiza ,6222,"7inch",0,15,0,,16.80782,52.36555
46844032,712,Schwimmhalle Preetz,20093,sign,21,0,0,,10.265307,54.241235
20172472,613,Mönkeberg,20036,sign,21,0,0,,10.178583,54.351528
20565435,613,CITTI-PARK,20037,sign,21,0,0,,10.099722,54.311667
21192280,613,KielRegion GmbH,20038,free,21,0,0,,10.122619,54.343863
22558914,613,KiTa Fußsteigkoppel,20046,sign,21,0,0,,10.090524,54.342126
25771123,613,Anleger Friedrichsort,20039,sign,21,0,0,,10.177167,54.390389
25771262,613,Dataport/FHVD,20040,sign,21,0,0,,10.129,54.401917
25771344,613,Stadtteilzentrum Pries,20042,sign,21,0,0,,10.173139,54.395472
26805691,613,MELUND / Olympia-Hochhaus,20043,sign,21,0,0,,10.131611,54.35525
28782206,613,Bahnhof Oppendorf,20050,sign,21,0,0,,10.207911,54.326055
29090259,613,Rathaus Altenholz,20051,sign,21,0,0,,10.136875,54.386203
29451164,613,thyssenkrupp Marine Systems,20052,sign,21,0,0,,10.15131,54.316436
48938662,613,Bahnhof Russee,20047,sign,19,0,0,,10.06956,54.309867
44406551,712,Förde Sparkasse Preetz,20063,sign,14,5,0,,10.28092,54.235894
405832,302,Gnien Pembroke,6866,sign,0,8,0,,14.488521,35.92951
405786,302,Pembroke,6848,sign,0,10,0,,14.479417,35.924979
405785,302,Waterfront,6847,sign,0,4,0,,14.498826,35.907601
405834,302,Malta Independent,6867,sign,0,12,0,,14.487576,35.911359
108548735,14,Gebäude 1C9 (2),50625,free,17,0,0,,6.984154,50.945887
108548610,14,Kreisverkehr (1),50624,free,17,0,0,,6.985286,50.947336
129977194,64,Perchtoldsdorf / Burg ,312000,"",0,0,0,,16.264352,48.119623
37053785,691,Siegburg Rathaus,53811,free,21,0,0,,7.206639,50.797833
130203709,142,Gmünd /WKÖ Bezirksstelle Gmünd,314300,"",17,0,0,,14.98621,48.770107
130222246,728,Fiera di Bergamo - ANCI,61071,"",17,0,0,,9.701173,45.684015
91736785,789,"11 MOLL LLOTJA",34210,stele,0,24,0,,2.640611,39.568806
66402,176,Forstamt & Kletterwald Neu Pudagla 5518,5518,"",0,6,0,,14.058638,54.000442
66403,176,Bahnhof Schmollensee 5519,5519,sign,0,10,0,,14.077938,53.982644
66084,176,Dünenwald Klinik Trassenheide Hintereingang5505,5505,stele,0,19,0,,13.874282,54.098113
66387,176,Bahnhof Zinnowitz 5507,5507,stele,0,10,0,,13.904316,54.075543
66388,176,Naturcamping Lütow 5508,5508,stele,0,20,0,,13.858006,54.010837
66389,176,Bahnhof Bannemin - Mölschow 5509,5509,sign,0,6,0,,13.836107,54.071306
66391,176,Bahnhof Zempin 5511,5511,stele,0,6,0,,13.958474,54.066082
66392,176,Best Western Hotel Hanse Kogge Koserow 5512,5512,stele,7,24,0,,13.99736,54.053876
66394,176,Camping  Am Sandfeld  Koserow 5514,5514,stele,0,6,0,,14.011318,54.046295
66395,176,Strandhotel Seerose Kölpinsee 5515,5515,stele,7,5,0,,14.029843,54.041319
66397,176,Zweirad - Awe Strandpromenade Ückeritz 5516,5516,"",6,18,0,,14.068626,54.016381
89817205,8,Bad Vilbel,4306,free,0,0,0,,8.740295,50.188254
89818205,8,Bad Vilbel Süd,4309,free,0,0,0,,8.733945,50.17828
89817859,8,Frankfurter Berg,4308,free,0,0,0,,8.676795,50.170672
199127,176,Hafen Karnin 5589,5589,stele,0,6,0,,13.858971,53.845028
199139,176,Schloss Stolpe Usedom 5608,5608,stele,0,10,0,,13.991395,53.86891
200678,176,Pension Achterland Morgenitz 5613,5613,stele,6,8,0,,13.9722,53.923031
201001,176,Landhaus am Haff 5614,5614,stele,6,8,0,,13.99774,53.87232
216612,176,Pension Delia Will Ahlbeck 5615,5615,sign,6,6,0,,14.17912,53.941858
271479,176,Ferienpark Benz 5616,5616,stele,6,6,0,,14.074235,53.939402
283740,176,Tropenhaus Bansin 5621,5621,"",0,8,0,,14.138573,53.969725
297633,176,Kurhotel zu Heringsdorf 5626,5626,stele,7,7,0,,14.16759,53.95578
137973733,789,"63 PL. D'ESPANYA",34332,stele,0,0,0,,2.653814,39.575072
13019500,192,Os. Marysieńki,15613,sign,0,0,0,,16.903515,52.462177
405810,302,Chalet,6855,"7inch",0,16,0,,14.506856,35.913106
405829,302,Dingli Circus,6864,sign,0,6,0,,14.49984,35.915752
91758393,789,"56 ES BALUARD DES PRÍNCEP",34255,stele,0,20,0,,2.656778,39.564972
91759725,789,"62 GABRIEL ROCA-PASSEIG MARITIM",34261,stele,0,17,0,,2.632639,39.5685
108134967,794,Ilmer Barg/Haidweg,2185,free,17,0,0,,10.209426,53.343434
93807962,1,TINK - August-Bebel-Straße,4103,free,23,0,0,,12.36867,51.31769
405843,302,The Strand,6872,sign,0,6,0,,14.500392,35.90781
407022,302,San Gwann Centre,6877,sign,0,8,0,,14.476343,35.908348
407043,302,The Hub,6884,sign,0,6,0,,14.479605,35.911385
405841,302,Mater Dei Hospital,6871,sign,0,12,0,,14.475673,35.901561
405839,302,Empire Stadium,6870,sign,0,6,0,,14.49278,35.901679
405809,302,Fond Ghadir,6853,sign,0,12,0,,14.504727,35.915239
405844,302,University Sports Complex,6873,sign,0,8,0,,14.487212,35.902157
405772,302,Spinola,6844,"7inch",0,8,0,,14.489964,35.918897
407052,302,Quisisana,6888,sign,0,6,0,,14.51032,35.91002
87796761,7,Karlsbader Platz,51812,free,0,0,0,,8.223887,50.074863
2591859,383,Achermann Sport / Engelbergstrasse 37A,8160,"",0,0,0,,8.37092,46.95682
3217246,302,Skyparks Business Centre,6895,"7inch",0,6,0,,14.494561,35.850713
3217248,302,St. George's Beach,6896,smart_sign,0,6,0,,14.4877,35.926517
1687796,302,St. Paul's Bay,6890,"7inch",14,6,0,,14.410586,35.945185
1687804,302,Qawra Terminus,6891,"7inch",14,6,0,,14.419985,35.954452
1687687,302,Bugibba Square,6889,"7inch",14,6,0,,14.413875,35.951773
1117295,192,Marcelińska / Grochowska,15547,"7inch",0,11,0,,16.87527,52.40442
1117302,192,Masztalarska,15548,"7inch",0,12,0,,16.932646,52.409455
85159,176,Vineta Hotels Zinnowitz 5560,5560,stele,0,18,0,,13.910799,54.08176
85161,176,Hotel Inselhof Vineta Zempin 5566,5566,stele,7,15,0,,13.952309,54.060255
112658275,320,MK Pride Entrance,8863,free,17,11,0,,-0.745904,52.044719
93807653,1,TINK - Arthur-Hoffmann-Straße,4102,free,23,0,0,,12.37861,51.32059
33278975,639,ORLEN-Stacja Chemików,6369,character,0,12,0,,19.653128,52.580815
33279011,639,ORLEN-Stacja Targowa,6370,character,0,10,0,,19.709561,52.55976
33279022,639,ORLEN-Teatr/Karadžića,6375,"7inch",0,15,0,,19.691925,52.548311
33279053,639,ORLEN-Stadion/Mickiewicza,6376,character,0,15,0,,19.699878,52.550988
33279105,639,ORLEN-Liszyno,6378,"7inch",0,10,0,,19.817155,52.491235
33279144,639,ORLEN-Stacja Wyszogrodzka 123,6379,character,0,15,0,,19.74723,52.538346
33279179,639,ORLEN-Stacja Wyszogrodzka 150,6380,character,0,15,0,,19.76033,52.534621
33279188,639,ORLEN-Łąck Centrum,6381,character,0,15,0,,19.611048,52.466377
33279201,639,ORLEN-Łukasiewicza/Kobylińskiego,6382,character,0,15,0,,19.682955,52.551145
33279212,639,ORLEN-Bielska/Kwiatka,6383,character,0,20,0,,19.686596,52.546531
33279243,639,ORLEN-Sąd/Kilińskiego,6384,"7inch",0,12,0,,19.706375,52.543784
33279295,639,ORLEN-Cm. Komunalny/Bielska,6385,character,0,15,0,,19.725495,52.570546
33279339,639,ORLEN-Ogród Jordanowski,6386,"7inch",0,15,0,,19.704077,52.540313
33279557,639,ORLEN-WORD/Targowa,6387,character,0,15,0,,19.723813,52.551613
407036,302,Ta' Xbiex Gardens,6882,sign,0,8,0,,14.497468,35.900888
407039,302,Bisazza,6883,sign,0,6,0,,14.506314,35.910325
407033,302,Ta Xbiex Yacht Marina,6881,sign,0,8,0,,14.494148,35.897424
28546696,519,Tuwim,6010,character,0,12,0,,19.0193,50.29888
28547021,519,Jagiełły,6009,character,0,12,0,,18.99869,50.30237
61868135,747,BASF  Agrarzentrum Limburgerhof,25101,smart_sign,0,0,0,,8.394231,49.413186
195060,137,HRW Campus Styrum,7932,stele,0,8,0,,6.869175,51.449103
96778402,547,Greenjuice Festival Nord,4790,free,0,0,0,,7.140694,50.744944
72520461,431,Tatrzańska/Karpacka,3962,"7inch",0,12,0,,18.08104,51.73938
72520419,431,Majkowskie Wembley,3961,"7inch",0,12,0,,18.08395,51.77353
1117305,192,Matejki,15549,"7inch",0,19,0,,16.89995,52.40338
1117328,192,Krańcowa,15551,"7inch",0,16,0,,16.981826,52.409336
1117354,192,Starołęka,15552,"7inch",0,10,0,,16.93313,52.36872
1117357,192,Prądzyńskiego / Kosińskiego,15553,"7inch",0,12,0,,16.91564,52.38905
1117402,192,Taczaka,15560,"7inch",0,10,0,,16.921076,52.405732
1117408,192,Uniwersytet Przyrodniczy,15562,"7inch",0,13,0,,16.90508,52.42647
1117410,192,Wierzbięcice,15563,"7inch",0,11,0,,16.9209,52.4015
1220145,192,Mostowa,15550,"7inch",0,18,0,,16.939228,52.405068
2553468,192,Aleje Marcinkowskiego,15523,"7inch",0,13,0,,16.92962,52.41025
2553541,192,Os. Oświecenia,15533,"7inch",0,15,0,,16.957269,52.390583
2553549,192,Os. Przyjaźni,15534,"7inch",0,14,0,,16.926033,52.428542
2553555,192,Os. Wichrowe Wzgórze,15535,"7inch",0,16,0,,16.940478,52.43857
29799184,660,Hněvkovského - Lidl,46681,sign,0,0,0,,16.625812,49.171183
96296065,626,Stadionbad,4617,smart_sign,17,0,0,,11.126034,49.424653
17627404,613,Alte Mu/Brunswiker Str.,20000,sign,21,0,0,,10.141528,54.327583
17627432,613,Alter Markt,20001,sign,21,0,0,,10.139472,54.322806
17627478,613,Andreas-Gayk-Straße,20002,sign,21,5,0,,10.133833,54.318417
17627512,613,Anleger Dietrichsdorf,20003,sign,21,5,0,,10.178533,54.329591
69873794,1,Wahren Wendeschleife,4025,free,17,0,0,,12.3232,51.37465
1117265,192,Bułgarska,15541,"7inch",0,16,0,,16.86208,52.396
59291031,712,Haimkrogkoppel,20100,sign,21,0,0,,10.299392,54.243001
2681633,372,Sadyba Best Mall,6417,character,0,15,0,,21.062551,52.1873
2681635,372,Spektrum Tower,6418,character,0,11,0,,20.999159,52.23439
8746300,372,Wiśniowy Business Park,6443,"7inch",0,20,0,,20.985092,52.188874
59594098,712,Brandenburger  Platz,20111,sign,21,0,0,,10.273862,54.243031
59594208,712,Markt Preetz,20112,sign,21,0,0,,10.28186,54.23567
114162843,712,Klinik Preetz,20123,sign,21,0,0,,10.27956,54.23905
44406608,713,Markt Plön,20065,sign,14,5,0,,10.417886,54.158341
60956597,266,Parkinsel - Festival des deutschen Films,25064,smart_sign,0,0,0,,8.460106,49.472942
13020126,192,Szarych Szeregów,15623,sign,0,0,0,,16.882027,52.459917
13020383,192,Centrum Podolany,15624,sign,0,0,0,,16.895058,52.448799
285119,192,Bukowska / Przybyszewskiego,15575,"7inch",0,14,0,,16.889366,52.409331
285121,192,Rynek Jeżycki,15577,"7inch",0,12,0,,16.903871,52.412443
1117273,192,Kościelna,15543,"7inch",0,14,0,,16.90663,52.41705
1117278,192,Libelta,15546,"7inch",0,11,0,,16.92216,52.41111
5315303,126,Aus dem Verkehr / Recycled,8105,"",3,0,0,,8.313475,47.052464
17930223,630,Plewiska Miętowa,6221,"7inch",0,15,0,,16.81169,52.37413
131534788,362,virtuell - Gothaer Straße/Wartburgstraße,10141,free,17,4,0,,13.347268,52.486936
194676,130,RUB GC,7134,stele,0,16,0,,7.257234,51.442593
69447038,759,Freizeitbad 58021,58021,stele,0,16,0,,13.417406,54.087347
76289796,759,DJH - Jugendherberge Greifswald 57123,57123,stele,0,10,0,,13.383563,54.087181
187131,212,Hollabrunn / KAUF ein- Fachzentrum,3561,"",0,0,0,,16.07965,48.568873
462401,281,Alte Mainbrücke,4113,"7inch",0,4,0,,9.927694,49.793154
405826,302,Msida Skatepark,6863,sign,0,8,0,,14.485404,35.899806
405822,302,University Bus Terminus,6860,sign,0,12,0,,14.480726,35.901566
405847,302,Swieqi Road,6875,sign,0,6,0,,14.485838,35.921352
407030,302,Blue Sisters,6880,sign,0,6,0,,14.490795,35.908978
405845,302,Swatar,6874,sign,0,6,0,,14.478403,35.898137
405825,302,Gnien F X Ebejer,6862,sign,0,6,0,,14.482867,35.919458
407028,302,Msida Central,6879,sign,0,8,0,,14.49072,35.895082
405824,302,Naxxar Road,6861,sign,0,6,0,,14.482169,35.909647
405821,302,Manoel Island,6859,sign,0,10,0,,14.49616,35.904642
405820,302,Naxxar Mithna,6858,sign,0,6,0,,14.44582,35.910247
146173639,14,Stammheim S-Bahn 1,50799,sign,16,0,0,,7.000242,50.98982
2553601,192,Szamarzewskiego / Długosza,15539,"7inch",0,16,0,,16.891401,52.412057
2553610,192,Szamotulska / Szamarzewskiego,15608,"7inch",0,15,0,,16.88472,52.41346
3318717,210,E-bike - Metro Nowy Świat-Uniwersytet,9707,"7inch",14,15,0,,21.016936,52.236743
3318725,210,E-bike - Miodowa,9708,"7inch",14,15,0,,21.011369,52.246502
3318732,210,E-bike - Karowa – Wybrzeże Kościuszkowskie,9709,"7inch",14,15,0,,21.022863,52.244943
3318744,210,E-bike - Karowa – Krakowskie Przedmieście,9710,"7inch",14,15,0,,21.015971,52.241987
1117388,192,Strzegomska / Gałczyńskiego,15556,"7inch",0,11,0,,16.85124,52.40647
1117390,192,Szamarzewskiego / Wawrzyniaka,15557,"7inch",0,8,0,,16.898947,52.410897
1117392,192,Szpitalna,15558,"7inch",0,17,0,,16.87696,52.41107
1117395,192,Św. Barbary,15559,"7inch",0,12,0,,16.925935,52.414959
2553561,192,Plac Wiosny Ludów,15536,"7inch",0,12,0,,16.931718,52.404883
2553574,192,Poznańska / Jeżycka,15537,"7inch",0,16,0,,16.912459,52.413737
1117221,192,Brzechwy / Maklakiewicza,15540,"7inch",0,15,0,,16.834344,52.411258
2553592,192,Rondo Jana Nowaka Jeziorańskiego,15538,"7inch",0,12,0,,16.88974,52.40309
2553619,192,Wyspiańskiego / Jarochowskiego,15602,"7inch",0,15,0,,16.895831,52.398686
2553623,192,Głogowska / ul. Krauthofera,15603,"7inch",0,13,0,,16.89119,52.38711
2553626,192,Połabska,15604,"7inch",0,15,0,,16.93096,52.4388
6009733,192,Piękna/Złota,15518,"7inch",0,11,0,,16.875813,52.415929
6009737,192,Spadzista,15519,"7inch",0,15,0,,16.92564,52.39787
41445823,192,Spławie,15683,sign,0,0,0,,17.022703,52.351445
62573775,192,Stary Strzeszyn,15691,sign,0,0,0,,16.848426,52.451793
62573778,192,Strzeszyn PKM,15690,sign,0,0,0,,16.867982,52.462854
62573789,192,Wartostrada POSiR,15692,sign,0,0,0,,16.937097,52.383795
199140,775,"Pension ""Zum Himmel"" Groß Ernsthof 57144",57144,"",6,8,0,,13.745445,54.080266
272373,775,Postel Wolgast 57145,57145,"",6,7,0,,13.774113,54.053024
350543,775,Rungeplatz Wolgast 57135,57135,"",0,8,0,,13.780498,54.053077
417339,775,Alte Schnitterkate Lassan 57136,57136,"",0,10,0,,13.846615,53.949844
31395158,775,Hotel Anklamer Hof  57150,57150,stele,6,10,0,,13.690019,53.855286
76245743,775,DJH - Jugendherberge Prora 01,57101,stele,0,70,0,,13.569113,54.451273
405805,302,Neptunes,6851,sign,0,10,0,,14.493515,35.914813
405806,302,Exiles,6852,sign,0,14,0,,14.49874,35.917668
405799,302,Alter Domus,6854,smart_sign,0,4,0,,14.462514,35.889172
405788,302,Ibragg,6849,sign,0,6,0,,14.474739,35.921638
1687809,302,Valletta Central,6892,smart_sign,0,6,0,,14.510515,35.895295
47848858,660,Bulínova - parkovací stání,46733,sign,0,0,0,,16.59059,49.209971
8338707,521,Jachowicza - Sportowa,2236,"7inch",0,15,0,,19.700007,52.548216
8338716,521,Piłsudskiego - Otolińska,2237,"7inch",0,20,0,,19.708428,52.546043
8338722,521,Piłsudskiego - Chopina,2238,"7inch",0,15,0,,19.718323,52.543724
8338729,521,Piłsudskiego - Jeziorowskich,2239,"7inch",0,15,0,,19.728589,52.540877
8338791,521,Pl. Narutowicza,2248,"7inch",0,15,0,,19.688929,52.543049
8338798,521,Sienkiewicza - Tumska,2249,"7inch",0,15,0,,19.691468,52.545233
8338810,521,"1 Maja - Królewiecka",2250,"7inch",0,15,0,,19.696585,52.54617
1117269,192,Ewangelicka,15542,"7inch",0,18,0,,16.939378,52.407753
6009701,192,os. Orła Białego,15508,"7inch",0,15,0,,16.97061,52.38231
82921432,613,Provinzial Sophienblatt,20119,sign,21,0,0,,10.128837,54.312496
91036877,613,Kurt-Schumacher-Platz,20121,sign,21,0,0,,10.053624,54.322329
113184047,613,"Digitale Woche , Pop Up",20157,"",21,0,0,,10.121466,54.341517
43828341,710,Bahnhof Rendsburg,20080,sign,21,0,0,,9.670393,54.302058
43828400,710,Schiffbrückenplatz,20081,sign,21,0,0,,9.661167,54.304861
43544777,711,Fischerkoppel,20071,sign,21,0,0,,9.83707,54.47767
17631206,613,CAU Universitätsbibliothek,20012,sign,21,0,0,,10.112167,54.346444
17631278,613,Hansastr./Gutenbergstr.,20015,sign,21,0,0,,10.124861,54.332111
17631326,613,Hauptbahnhof,20016,sign,21,10,0,,10.132278,54.315972
17631350,613,Holsten-/Hafenstraße,20017,sign,21,0,0,,10.135389,54.321
17631437,613,Hörnbad,20019,sign,21,0,0,,10.135389,54.30875
17631669,613,RBZ Wirtschaft,20025,sign,21,0,0,,10.126611,54.340722
17631698,613,Schönkirchen Gemeindehaus,20026,sign,21,0,0,,10.223028,54.339056
17631709,613,Fähranleger Möltenort,20027,sign,21,0,0,,10.194806,54.37575
17631732,613,Tilsiter Platz,20028,sign,21,0,0,,10.170437,54.32309
17631753,613,Umsteiger,20029,sign,21,10,0,,10.131167,54.314861
17631783,613,Vinetaplatz,20030,sign,21,0,0,,10.146972,54.311417
17631806,613,Wellingdorf Stadtteilzentrum,20031,sign,21,0,0,,10.183028,54.326139
17631850,613,Westring/Eckernförder Str.,20032,sign,21,0,0,,10.117515,54.328846
17631880,613,Wilhelmplatz,20033,sign,21,0,0,,10.122278,54.323583
19047578,613,Dreiecksplatz,20035,sign,21,0,0,,10.134417,54.328528
46844320,712,Kührener Straße,20091,sign,21,0,0,,10.275525,54.224444
46844387,712,Wakendorf,20094,sign,21,0,0,,10.295331,54.250817
2338888,302,Spinola Car Park,6893,sign,0,12,0,,14.489164,35.917433
33513432,661,P4- Park Ledárny,46891,sign,0,10,0,,14.40543,50.03407
27760125,660,Dornych - Lidl,46540,sign,0,0,0,,16.620244,49.186854
17511919,648,Rheinbach - Hauptstraße,53349,traffic_sign,17,0,0,,6.949705,50.625638
20676035,383,ROSEN Swiss / BDO / Obere Spichermatt 12,7850,"",0,0,0,,8.35985,46.966098
77080188,775,DJH-Jugendherberge Warnemünde 57120 GT,57120,stele,0,20,0,,12.058179,54.175632
77080269,775,DJH - Jugendherberge Wismar 57122,57122,stele,0,11,0,,11.438704,53.889291
96809355,775,Amt Mecklenburgische Kleinseenplatte,57160,stele,0,6,0,,12.816058,53.278345
99962532,775,Hotel Gutshaus Kajahn,57155,stele,0,8,0,,13.216381,54.287387
198661,759,Rathaus 58000,58000,stele,0,19,0,,13.380503,54.095535
72520498,431,Cmentarz Tyniecki,3963,"7inch",0,12,0,,18.12242,51.75323
198663,759,Hauptbahnhof 58003,58003,stele,0,8,0,,13.370019,54.093649
13020823,192,Opalenicka/Przybyszewskiego,15629,sign,0,0,0,,16.888004,52.406562
13020861,192,Sczanieckiej,15630,sign,0,0,0,,16.896908,52.394894
13020924,192,Węgorka,15631,sign,0,0,0,,16.85754,52.392386
13021510,192,Promienista/Ściegiennego,15634,sign,0,0,0,,16.875141,52.390622
108549114,14,Parkhaus Zoobrücke (5),50628,free,17,0,0,,6.989351,50.944691
108548847,14,Eingang Messe Ost (3),50626,free,17,0,0,,6.981523,50.943379
108549014,14,Halle 11 (4),50627,free,17,0,0,,6.980808,50.942411
352769,281,Haugerkirchplatz,4117,free,0,0,0,,9.935691,49.797697
1593917,281,Congresszentrum Turmgasse,4124,"7inch",0,6,0,,9.926165,49.798139
121572,192,Most Teatralny,15564,"7inch",0,12,0,,16.912884,52.410515
121573,192,Pl. Wolności,15565,"7inch",0,24,0,,16.925207,52.408381
121574,192,Małe Garbary,15566,"7inch",0,16,0,,16.937868,52.41045
146258,176,Am Sackkanal 5595,5595,stele,0,20,0,,14.150871,53.967223
285297,192,Os. Sobieskiego,15572,"7inch",0,26,0,,16.91783,52.463789
286857,192,Park Wilsona,15578,"7inch",0,10,0,,16.902616,52.397941
13021078,192,Promienista/Jawornicka,15633,sign,0,0,0,,16.863099,52.38499
13021580,192,Leszczyńska/Kocha,15636,sign,0,0,0,,16.880744,52.360058
13022178,192,Wspólna,15640,sign,0,0,0,,16.912808,52.377452
13022200,192,Przemysłowa/Św. Czesława,15641,sign,0,0,0,,16.918751,52.397293
13022231,192,Kukułcza,15642,sign,0,0,0,,16.950995,52.37999
13022255,192,Park Rataje,15643,sign,0,0,0,,16.950134,52.388202
13022270,192,Bałtycka/Gdyńska,15644,sign,0,0,0,,16.97892,52.42652
28095388,192,Czechosłowacka/Łozowa,15653,sign,0,0,0,,16.908112,52.369142
28095676,192,Kozi Rynek,15647,sign,0,0,0,,16.8089,52.435375
28095738,192,Karlińska,15648,sign,0,0,0,,16.826942,52.434245
28095778,192,Bużańska,15649,sign,0,0,0,,16.86627,52.423499
28095871,192,Dolna Wilda/US,15651,sign,0,0,0,,16.923719,52.388353
28095891,192,POSiR/Chwiałkowskiego,15652,sign,0,0,0,,16.926511,52.395052
28181136,192,Palacza/Heweliusza,15646,sign,0,0,0,,16.871831,52.394265
128091,775,Hotel Leuchtfeuer Freest 57129,57129,"",7,10,0,,13.732499,54.133235
128093,775,Marina Kröslin 57130,57130,"",0,10,0,,13.753611,54.12153
139977,775,Tourismus Information Ueckermünde 57132,57132,"",0,10,0,,14.049103,53.735804
139983,775,Haffbad Ueckermünde 57133,57133,"",0,4,0,,14.069868,53.746663
153092,775,Hotel Ostseeländer Züssow 57141,57141,"",7,6,0,,13.553034,53.97987
153213,775,Kurverwaltung Seebad Lubmin 57139,57139,"",6,20,0,,13.615091,54.133252
153216,775,Seebrücke Seebad Lubmin 57137,57137,"",0,8,0,,13.613144,54.137152
153220,775,Marina Seebad Lubmin 57138,57138,"",6,10,0,,13.64826,54.150887
156427,775,Tourismus Information Mönkebude 57134,57134,"",0,10,0,,13.96839,53.770323
160710,775,Hauptbahnhof Wolgast 57131,57131,"",0,6,0,,13.768578,54.044131
199128,775,Hafen Freest 57140,57140,"",0,7,0,,13.72821,54.137393
76289676,775,DJH Jugendherberge Wismar 57121  01,57121,stele,0,11,0,,11.438554,53.889226
77079825,775,DJH - Jugendherberge Burg Stargard 57112,57112,stele,0,40,0,,13.320059,53.494754
108125249,8,Westendplatz,4178,free,0,0,0,,8.66196,50.113
26805722,613,Kitz - Kieler Innovations- und Technologiezentrum,20044,sign,21,0,0,,10.119401,54.334659
99487292,176,"Warthe/Dorf12  ""Am Achterwasser"" 5536",5536,stele,0,10,0,,13.913208,53.984755
155295,176,Hafen Karlshagen 5583,5583,stele,0,6,0,,13.81083,54.10846
163248,176,Am Autokino Koserow 5596,5596,"",0,0,0,,13.982581,54.063286
199123,176,Rehaklinik Ostseeblick Ückeritz 5571,5571,"",7,20,0,,14.056543,54.022392
199125,176,Seebrücke Koserow 5587,5587,stele,0,8,0,,13.998396,54.058259
2006467,176,Historisch Technisches Museum Peenemünde  5552,5552,stele,0,6,0,,13.769659,54.137976
64224012,176,Abzweig Lieper Winkel,57002,stele,0,1,0,,13.940272,53.967069
14582336,126,Business Hub Luzern / Reusseggstr. 9,8105,"",0,0,0,,8.289753,47.065131
199129,775,Bahnhof Mirow,57161,stele,0,10,0,,12.820653,53.270528
199130,775,Waldcamp Freest 57142,57142,"",6,11,0,,13.719438,54.140191
76245875,775,DJH - Jugendherberge Binz 57103,57103,stele,0,15,0,,13.610334,54.403915
76246101,775,DJH - Jugendherberge Sellin 57105 01,57105,stele,0,15,0,,13.700579,54.372193
76246285,775,DJH - Jugendherberge Stralsund 57109 01,57109,stele,0,15,0,,13.143176,54.267684
76289016,775,DJH - Jugendherberge Burg Stargard 57111,57111,stele,0,10,0,,13.320059,53.494754
76289246,775,DJH - Jugendherberge Waren 57115,57115,stele,0,40,0,,12.690787,53.504525
76289539,775,DJH-Jugendherberge Warnemünde 57119,57119,stele,0,20,0,,12.058179,54.175632
348294,88,Garage Heller / Wassergrabe 9,9009,"",0,0,0,,8.109777,47.183026
27583534,661,P8-Trousilova - Hřiště,46150,sign,0,10,0,,14.45042,50.12843
7873338,379,Bahnhof Vegesack,2947,free,0,0,0,,8.628666,53.169235
27604224,661,Volné místo praha 1,46201,sign,0,10,0,,14.446002,50.098333
108633509,748,Tramwaytag – Bahnhof Brigittenau,32484,free,0,0,0,,16.366386,48.236175
8612825,302,Urban Valley Resort & Spa,6857,smart_sign,0,4,0,,14.484932,35.905111
8612862,302,Naxxar Central,6899,smart_sign,0,6,0,,14.444007,35.913775
8612835,302,Seabank Resort,6897,smart_sign,0,6,0,,14.354212,35.965841
34065960,689,SMARTbike - WeserHütte,33205,traffic_sign,16,10,0,,8.83195,52.2175
10721683,302,Airport Terminal One,6830,smart_sign,0,8,0,,14.494904,35.850057
150124220,812,Konferencje - Eventy,888888,"",0,0,0,,21.01547,52.232233
14043043,620,Os. Lubonianka,6245,"7inch",0,15,0,,16.88072,52.348828
14043288,620,Dworzec PKP,6247,"7inch",0,15,0,,16.892548,52.344134
112027687,476,"East Tyndall Street, Splott, Cardiff, Wales, CF24 5NY, United Kingdom",0,"",12,0,0,,-3.156411,51.479602
120949381,663,Kmochova - Na Vozovce,472358,sign,0,0,0,,17.23182,49.59167
89994221,462,Hübner,7096,free,0,2,0,,9.525547,51.309699
89994430,462,Hafen 76,7097,free,0,2,0,,9.519756,51.317162
43828444,710,Grüner Kranz,20082,sign,21,0,0,,9.649861,54.307944
135730575,749,Pruebademo,33555,sign,16,1,0,,-3.006821,43.34915
148312021,661,P2 - Rašínovo náb. / Trojanova ,49577,sign,0,2,0,,14.41418,50.07417
29311307,442,MLP Pruszków II,6075,character,0,12,0,,20.747663,52.177436
29311320,442,MLP Pruszków I,6074,character,0,12,0,,20.814067,52.176063
352765,281,Barbarossaplatz / Theaterstraße,4111,"7inch",0,8,0,,9.933389,49.797427
1593955,281,Jugendherberge Fred-Joseph-Platz,4125,"7inch",0,8,0,,9.924997,49.789709
1593904,281,Schiffsanlegestelle Willy-Brandt-Kai,4123,"7inch",0,8,0,,9.927565,49.786641
5368431,408,Canódromo (electric),3435,"7inch",14,10,0,,-15.433844,28.112305
198664,759,Brücke Wieck 58017,58017,stele,0,8,0,,13.448982,54.093033
350549,759,Domcenter 58001,58001,stele,0,6,0,,13.375719,54.095944
69444446,759,Pommersches Landesmuseum 58002,58002,stele,0,10,0,,13.381947,54.094948
69445238,759,Parkplatz Nexöplatz 58007,58007,stele,0,15,0,,13.38761,54.093601
69445374,759,Parkplatz Holzgasse 58008,58008,stele,0,12,0,,13.38822,54.09763
69445685,759,BioTechnikum 58010,58010,stele,0,20,0,,13.400365,54.091662
69445860,759,Parkplatz Makarenkostraße 58011,58011,stele,0,25,0,,13.409418,54.086281
69445986,759,Sparkasse Vorpommern / Mercure Hotel 58012,58012,stele,0,12,0,,13.392753,54.074149
69446405,759,Museumshafen 58015,58015,stele,0,12,0,,13.382157,54.099643
69446670,759,Strandbad Wieck 58018,58018,stele,0,6,0,,13.449462,54.092822
69446784,759,Parkplatz Ladebow 58019,58019,stele,0,10,0,,13.444021,54.096677
103562734,688,Mobilet ob Kornu,5927,"",17,0,0,,13.642194,45.952306
21122535,372,Galeria Młociny,6449,"7inch",0,15,0,,20.929362,52.29312
108116289,57,Bahnhof Klangen ,0,"",0,0,0,,15.541588,48.120189
108116399,57,Constantia Teich,0,"",0,0,0,,15.54419,48.112295
71520,176,Konzertmuschel Swinemünde 5549 /balticbike,5549,stele,0,10,0,,14.256216,53.919265
79454,176,Bahnhof Kölpinsee 5543,5543,stele,0,12,0,,14.022702,54.035307
82162,176,Naturhafen Krummin 5554,5554,stele,0,10,0,,13.848241,54.047057
82170,176,Bike Hotel Vaske Karlshagen 5553,5553,stele,7,5,0,,13.838068,54.123394
83392,176,Bahnhof Trassenheide 5558,5558,stele,0,10,0,,13.86729,54.081559
96049,176,Bahnhof Koserow 5542,5542,stele,0,10,0,,13.999959,54.04556
117712,176,Hotel Nautic Koserow 5570,5570,stele,7,12,0,,13.998416,54.050906
139449,176,Golfhotel / Alte Schule Balm 5588,5588,stele,0,10,0,,14.013684,53.947733
2681619,372,Galeria Bemowo,6408,character,0,15,0,,20.931696,52.264326
2681622,372,IRIS,6410,character,0,15,0,,20.996029,52.175756
2681629,372,Poleczki Park,6415,"7inch",0,25,0,,20.996329,52.156141
3318688,210,E-bike - Centrum Nauki Kopernik,9703,"7inch",14,15,0,,21.027105,52.242285
3318697,210,E-bike - Wioślarska - Ludna,9704,"7inch",14,15,0,,21.038723,52.234516
75671599,767,Rybník Srpek,48532,sign,0,0,0,,16.522613,49.302989
1165565,126,Caritas Schweiz,8114,"",0,0,0,,8.315751,47.05639
87642508,794,St. Marienkirche,2194,sign,0,5,0,,10.207238,53.363918
28028823,519,Bańgów - Krupanka,6011,character,0,16,0,,19.043269,50.322583
28028828,519,Michałkowice - Wyzwolenia,6012,character,0,16,0,,19.012176,50.324523
28546764,519,Plac Alfreda,6005,character,0,16,0,,19.01314,50.29365
28546815,519,Park Pszczelnik,6002,character,0,16,0,,19.04468,50.31029
28546853,519,Osiedle Młodych,6007,character,0,16,0,,19.0098,50.30441
28546874,519,Osiedle Bańgów,6001,character,0,16,0,,19.03654,50.32717
28546914,519,Michałkowice,6008,character,0,18,0,,19.00343,50.31946
28546939,519,Centrum I ,6003,character,0,12,0,,19.02623,50.30543
28546975,519,Centrum II ,6004,character,0,16,0,,19.04264,50.29741
93808308,1,TINK - media city,4105,free,23,0,0,,12.38314,51.31797
93808455,1,TINK - Bio City,4106,free,23,0,0,,12.39708,51.32056
109170512,8,Klinikum Höchst,4320,free,0,0,0,,8.544387,50.107295
109170896,8,Höchst Bahnhof Nord,4321,free,0,0,0,,8.542084,50.103467
109169466,8,Nied Kirche,4318,free,0,0,0,,8.567186,50.098512
109184498,8,Zuckschwerdtstraße,42001,free,0,0,0,,8.551773,50.10285
42487542,237,Maryland Drive,8209,smart_sign,0,10,0,,-4.332797,55.846552
70118004,158,Landesgartenschau Eingang,5265,free,0,0,0,,12.985153,52.232123
13019960,192,Literacka,15621,sign,0,0,0,,16.87455,52.446984
33721267,192,Szwajcarska,15674,sign,0,0,0,,17.00014,52.38131
33721285,192,Piaśnicka/Kurlandzka,15675,sign,0,0,0,,16.98766,52.38495
33721327,192,Katowicka/Polanka,15676,sign,0,0,0,,16.96342,52.39618
33721345,192,Rondo Żegrze,15677,sign,0,0,0,,16.955284,52.37685
78688224,768,Městská část Zboží,49052,"",0,0,0,,15.848003,50.430994
405778,302,Swieqi Tennis Courts,6846,sign,0,6,0,,14.480093,35.921595
405776,302,Paceville,6845,sign,0,6,0,,14.488547,35.922381
109165551,8,S-Bahnhof Frankfurt Nied,4316,free,0,0,0,,8.570445,50.102925
138151776,547,Beuel Bahnhof,53242,free,17,0,0,,7.12642,50.739191
6009741,192,Sieroca,15520,"7inch",0,9,0,,16.931681,52.407956
6009744,192,Karpia,15521,sign,0,0,0,,16.945024,52.445759
6009746,192,Jasna Rola,15522,"7inch",0,13,0,,16.94206,52.45386
6547835,192,Junikowo,15502,"7inch",0,17,0,,16.83362,52.3832
6547870,192,Malwowa/Złotowska,15501,"7inch",0,15,0,,16.80386,52.39727
13019532,192,Os. Jagiełly,15614,sign,0,0,0,,16.904419,52.456425
13019566,192,Os. Batorego/Atlantis,15615,sign,0,0,0,,16.919075,52.455838
76246207,176,DJH - Jugendherberge Heringsdorf 57107,57107,stele,0,15,0,,14.178761,53.947555
77079623,176,DJH - Jugendherberge Heringsdorf 57108,57108,stele,0,15,0,,14.178761,53.947555
28546995,519,Grunwaldzka,6006,character,0,16,0,,19.00287,50.29814
29574735,613,Bunsenstr. / Edisonstr.,20053,sign,21,0,0,,10.158546,54.276878
29575023,613,Neumeimersdorf - Grot Steenbusch,20055,sign,21,0,0,,10.130253,54.283091
29794742,613,Bernhard-Minetti-Platz,20008,sign,21,0,0,,10.133126,54.337864
29801742,613,Kuhlacker,20010,sign,21,0,0,,10.143565,54.285725
29964162,613,KVG Betriebshof Diedrichstraße,20056,sign,21,0,0,,10.136963,54.302799
41030102,613,Rungholtplatz,20057,sign,21,0,0,,10.076831,54.361297
42080578,613,Sophienhof,20067,sign,21,10,0,,10.129724,54.316629
44406365,613,Förde Sparkasse Lorentzendamm,20060,sign,14,5,0,,10.134324,54.325925
43828727,710,Kreishaus Rendsburg,20086,sign,21,0,0,,9.670072,54.297744
50641943,710,ZOB Rendsburg,20087,sign,14,5,0,,9.668675,54.303064
50655043,710,Förde Sparkasse Fockbek,20088,sign,14,5,0,,9.605996,54.307814
54311361,710,Paradeplatz,20089,sign,21,0,0,,9.665565,54.300393
54509073,710,Lilienstraße,20096,sign,21,0,0,,9.65776,54.296248
29574859,711,Carlshöhe,20069,sign,21,0,0,,9.80807,54.48549
43544399,711,Bystedtredder,20070,sign,21,0,0,,9.82645,54.4814
43545098,711,Bahnhof Eckernförde,20074,sign,21,0,0,,9.83553,54.46828
43545167,711,Kurpark,20075,sign,21,0,0,,9.84079,54.46292
43545223,711,Wulfsteert,20076,sign,21,0,0,,9.83387,54.45558
43545276,711,Busparkplatz Sauerstraße,20077,sign,21,0,0,,9.84185,54.44914
43545332,711,Parkplatz Südstrand,20078,sign,21,0,0,,9.85525,54.450604
44406322,711,Rendsburger Straße,20059,sign,14,5,0,,9.837995,54.460136
47361639,711,Langebrückstraße,20072,sign,14,5,0,,9.836283,54.472522
59057029,711,Prinzenstraße,20099,sign,21,0,0,,9.85106,54.48086
59057607,711,Stolbergring,20079,sign,21,0,0,,9.82609,54.4621
13020542,192,Miłostowo,15626,sign,0,0,0,,17.003633,52.410069
13020566,192,Kraszewskiego,15627,sign,0,0,0,,16.902144,52.409105
87807584,711,Stadthalle,20120,sign,21,0,0,,9.83958,54.46846
2585964,210,Plac Hallera - Sawinkowa,9654,"7inch",0,28,0,,21.030544,52.261381
2585967,210,Namysłowska - Szymanowskiego,9655,"7inch",0,16,0,,21.03418,52.263
46843620,712,Bahnhof Preetz,20090,sign,21,0,0,,10.276218,54.233676
46844202,712,Kieler Straße Preetz,20092,sign,21,0,0,,10.277233,54.244521
9192,64,Biedermannsdorf / Jubiläumshalle,317022,"",0,0,0,,16.344674,48.082436
10437873,463,Bahnhof Alpnach Dorf/Bahnhofplatz,7985,"",0,0,0,,8.275521,46.940839
10437976,463,Bahnhof Alpnachstad/Bahnhofplatz,7984,"",0,0,0,,8.27764,46.954774
72519720,431,Główny Rynek,3951,"7inch",0,18,0,,18.08854,51.76251
72519774,431,Aquapark,3952,"7inch",0,17,0,,18.10224,51.75689
72519968,431,Złoty Róg,3954,"7inch",0,12,0,,18.08663,51.76062
5669456,469,Stadthalle,2761,stele,0,4,0,,8.669903,49.555072
72520721,431,Gajowa/Nadleśnictwo,3967,"7inch",0,12,0,,18.14101,51.74703
72520599,431,Majkowska/Węzeł,3965,"7inch",0,12,0,,18.07997,51.76927
72520693,431,Cmentarz Komunalny,3966,"7inch",0,12,0,,18.04133,51.76978
111064836,663,Albert - tř. Kosmonautů,472349,sign,0,0,0,,17.273925,49.591783
45125261,613,Förde Sparkasse Teplitzer Allee,20061,sign,14,5,0,,10.187263,54.292041
46268000,613,Fähre Holtenau,20151,"",19,0,0,,10.134016,54.368765
46268192,613,MFG 5 Waterkant,20150,"",19,0,0,,10.164892,54.380137
47343517,613,Meimersdorf Kontor,20058,sign,14,5,0,,10.131476,54.284043
47418289,613,Heikendorf Rathaus,20064,sign,14,5,0,,10.205585,54.370734
48938749,613,Schulen am Langsee,20048,sign,19,0,0,,10.157109,54.307029
48938789,613,Bahnhalt Ellerbek,20049,sign,19,0,0,,10.169784,54.313927
48938864,613,Bebelplatz,20045,sign,19,0,0,,10.185079,54.294629
50739287,613,Kronshagen Bahnhof,20034,sign,14,5,0,,10.083293,54.331124
73435136,613,Catharinenberg Molfsee,20115,sign,21,0,0,,10.0656,54.264403
80305680,613,Krausstraße,20116,sign,21,0,0,,10.122319,54.333673
82419885,613, Russeer Weg/Hofholzallee,20117,sign,21,0,0,,10.066768,54.317015
82609039,613,Aalborgring,20118,sign,21,0,0,,10.048583,54.316404
5997806,394,Galeria Malta,15645,"7inch",0,15,0,,16.960771,52.402414
6073032,394,Przystanek Franowo,15610,"7inch",0,15,0,,16.983447,52.380177
2553479,192,Aleje Solidarności,15524,"7inch",0,20,0,,16.9205,52.43632
2553492,192,Brzask / Międzychodzka,15525,"7inch",0,15,0,,16.87798,52.40683
2553496,192,Dożynkowa,15526,"7inch",0,16,0,,16.92442,52.42544
28073884,657,Bottroper Str.,5270,free,0,0,0,,10.555989,52.28851
2553504,192,Dworzec Autobusowy,15527,"7inch",0,15,0,,16.91491,52.40203
2553510,192,Dworzec Zachodni,15528,"7inch",0,15,0,,16.9097,52.40114
2553516,192,Jarochowskiego / Palacza,15529,"7inch",0,14,0,,16.88617,52.38759
2553524,192,Jarochowskiego / Potworowskiego,15530,"7inch",0,7,0,,16.892057,52.393107
407047,302,Ferries,6886,sign,0,11,0,,14.503788,35.908952
407026,302,University - Students' House,6878,sign,0,16,0,,14.483129,35.901487
407050,302,Kindred,6887,sign,0,6,0,,14.510574,35.906849
407044,302,Grand Harbour Marina,6885,sign,0,6,0,,14.519849,35.889137
95312173,661,P1 - roh Planéřská/ U Radnice,49472,sign,0,8,0,,14.419008,50.087582
156768344,701,COPA ASOBAL - Palacio Municipal de Deportes,37028,free,17,0,0,,-5.576817,42.589279
373092,192,Głogowska / Hetmańska,15582,"7inch",0,16,0,,16.89539,52.389852
373093,192,Termy,15583,"7inch",0,23,0,,16.975615,52.405698
373709,192,Dębiec,15584,"7inch",0,12,0,,16.902992,52.372152
13021679,192,Bohaterów Westerplatte,15637,sign,0,0,0,,16.886564,52.370743
13022152,192,Os. Dębina,15639,sign,0,0,0,,16.904409,52.360442
6009702,192,os. Rusa/Chartowo,15509,"7inch",0,15,0,,16.98146,52.39383
6009707,192,Inflancka,15510,"7inch",0,15,0,,16.96276,52.38567
6009710,192,Keplera,15511,"7inch",0,15,0,,16.86391,52.39078
6009716,192,Polanka,15513,"7inch",0,15,0,,16.96224,52.3989
6009718,192,Buczka/Kołłątaja,15514,"7inch",0,15,0,,16.88343,52.36436
6009721,192,Maczka,15515,"7inch",0,15,0,,16.91482,52.42408
6009724,192,Dmowskiego/Stablewskiego,15516,"7inch",0,11,0,,16.90034,52.3917
33721152,192,Obrońców Tobruku,15669,sign,0,0,0,,16.95335,52.43812
43828481,710,Fußgängertunnel Nordseite,20083,sign,21,0,0,,9.663878,54.291789
43828520,710,Fähre Nobiskrug,20084,sign,21,0,0,,9.709962,54.308426
43828576,710,WFG Rendsburg,20085,sign,21,0,0,,9.66381,54.296807
53787977,613,Freilichtmuseum Molfsee,20095,sign,21,0,0,,10.074943,54.274827
53788787,613,Studiale,20062,sign,14,5,0,,10.124352,54.337611
63555276,613,Sandkrug,20102,sign,21,0,0,,10.14607,54.31634
63613666,613,UKSH,20101,sign,21,0,0,,10.14013,54.32941
73434209,613,Zur Fähre,20113,"",21,0,0,,10.1429,54.31617
73434579,613,Seefischmarkt,20114,sign,21,0,0,,10.17724,54.32842
2685262,210,Veturilko - Park Bródnowski,9712,"7inch",15,15,0,,21.040539,52.292418
24229285,372,Biedronka Modlińska,6452,"7inch",0,15,0,,20.945616,52.350106
55316960,372,Bolero,6455,"7inch",0,15,0,,20.93881,52.19622
8338737,521,Chopina - Dworcowa,2240,"7inch",0,20,0,,19.71164,52.551061
8338743,521,Armii Krajowej - Walecznych,2241,"7inch",0,15,0,,19.749898,52.543399
8338749,521,Armii Krajowej - Kutrzeby,2242,"7inch",0,15,0,,19.7627,52.539033
113153284,613,"Digitale Woche , Pop Up",20155,"",21,0,0,,10.146309,54.327808
121178,142,Rossatz - Arnsdorf / Winzerstüberl Essl Rührsdorf,3096,"",0,0,0,,15.484323,48.398993
66409,176,Bahnhof Karlshagen 5524,5524,stele,0,12,0,,13.830747,54.117409
66411,176,CSI Ferienwohnungen Schuldt Ahlbeck 5526,5526,sign,6,14,0,,14.192787,53.938896
66412,176,UBB Bahnhof Swinemünde / Balticbike.pl 5527,5527,stele,0,10,0,,14.234719,53.914245
66413,176,Balticbike.pl Swinemünde 5528,5528,stele,6,8,0,,14.239246,53.920089
66417,176,"Kirche, Galerie & Feininger Rundweg Benz 5530",5530,sign,0,5,0,,14.072364,53.942405
66418,176,Wasserschloss Mellenthin 5531,5531,stele,6,10,0,,14.015569,53.923532
66427,176,Sommercafe Grüssow 5534,5534,stele,0,10,0,,13.960294,53.978043
2553528,192,Murawa / Słowiańska,15531,"7inch",0,15,0,,16.935923,52.430217
2553534,192,Os. Dębina,15532,"7inch",0,15,0,,16.90415,52.36353
6009661,192,Szymanowskiego,15503,"7inch",0,15,0,,16.917459,52.460682
6009663,192,Nasienna,15504,"7inch",0,15,0,,16.915363,52.430559
6009689,192,os. Piastowskie,15505,"7inch",0,15,0,,16.94411,52.39038
6009692,192,os. Stare Żegrze,15506,"7inch",0,13,0,,16.95765,52.38087
6009697,192,Piaśnicka Rynek,15507,"7inch",0,13,0,,16.98327,52.38755
6009729,192,Targi,15517,"7inch",0,15,0,,16.9069,52.40652
373717,192,UAM Pływalnia,15590,"7inch",0,12,0,,16.941401,52.467658
373718,192,Os. Łokietka,15591,"7inch",0,10,0,,16.943385,52.448155
150429166,8,Mannheimer str. / Hauptbahnof,42038,"",0,0,0,,8.664938,50.105939
118320434,661,P9 - O2 Ben Cristovao dočasná stanice,49514,sign,0,4,0,,14.493731,50.105846
66429,775,Bahnhof Anklam 57125,57125,stele,0,8,0,,13.701705,53.855989
66430,775,Rathaus Anklam 57126,57126,stele,0,6,0,,13.687696,53.856317
66431,775,Naturcamping Lassan 57127,57127,"",6,6,0,,13.857255,53.947513
66433,775,Fahrradfachmarkt Pretzer Wolgast 5540,5540,"",0,4,0,,13.754518,54.049651
28451993,660,Merhautova - Albert,46653,sign,0,0,0,,16.627051,49.215477
27604099,661,P8 - Park Invalidovna,46185,sign,0,10,0,,14.466441,50.097087
28181196,192,Kolejowa,15650,sign,0,0,0,,16.90503,52.392939
66421,176,Alte Fischräucherei Rankwitz - Hafen 5532,5532,stele,0,8,0,,13.93439,53.935871
127527,176,Parkplatz Förster - Schrödter - Straße Koserow 5523,5523,stele,6,6,0,,14.000801,54.053194
132838,176,TOTAL Tankstelle Ahlbeck 5578,5578,stele,0,8,0,,14.194333,53.934091
137700,176,Hotel Friesenhof Trassenheide 5513,5513,stele,7,16,0,,13.850335,54.098618
137701,176,Hafen Stadt Usedom 5584,5584,stele,0,10,0,,13.92685,53.870993
137703,176,Fischräucherei Hafen Kamminke 5561,5561,stele,6,6,0,,14.205864,53.866646
137707,176,Pension Lindenhof Kachlin 5572,5572,stele,6,10,0,,14.073014,53.898364
137709,176,Naturcamping Stagnieß 5562,5562,"",6,6,0,,14.04543,54.001936
352855,176,DJH - Jugendherberge Murchin 5623,5623,"",6,6,0,,13.736279,53.898289
510387,176,Rathaus Seebad Ahlbeck 5633,5633,stele,0,12,0,,14.191281,53.94028
934503,176,Hotel Seeklause Trassenheide 5559,5559,stele,6,10,0,,13.860183,54.087615
48551168,634,Dickhäuterplatz,5408,stele,0,0,0,,8.409305,48.946244
77079174,775,DJH - Jugendherberge Prora 57102,57102,stele,0,70,0,,13.569134,54.451266
77079526,775,DJH - Jugendherberge Sellin 57106,57106,stele,0,15,0,,13.700579,54.372193
148305744,661,P2 -Trojická / Pod Slovany,49560,sign,0,2,0,,14.41699,50.07079
105001207,613,"Parkplatz Tempest, Pop Up",20156,"",21,0,0,,10.168307,54.425311
8338617,521,K. Wielkiego - Dobrzyńska,2228,"7inch",0,15,0,,19.674312,52.550424
8338630,521,Medyczna - Szpital,2229,"7inch",0,10,0,,19.653678,52.558075
8338638,521,Dobrzyńska - Gałczyńskiego,2230,"7inch",0,15,0,,19.668534,52.5576
8338645,521,Łukasiewicza - Orlen Arena,2231,"7inch",0,15,0,,19.682577,52.559001
8338659,521,Łukasiewicza - Miodowa,2232,"7inch",0,15,0,,19.682971,52.554467
8338671,521,Tysiąclecia - Nowaka,2233,"7inch",0,15,0,,19.68787,52.55315
8338680,521,Rembielińskiego - Gawareckiego,2234,"7inch",0,15,0,,19.692413,52.556215
8338756,521,Jana Pawła II - CM Rodzina,2243,"7inch",0,15,0,,19.758315,52.532349
8338764,521,Jana Pawła II - Paderewskiego,2244,"7inch",0,15,0,,19.751567,52.530618
8338774,521,Kilińskiego - Warszawska,2246,"7inch",0,15,0,,19.701676,52.537935
8338783,521,Kolegialna - Pl. Obr. Warszawy,2247,"7inch",0,10,0,,19.694607,52.542622
277372,192,Brama Poznania,15571,"7inch",0,18,0,,16.952344,52.412266
285110,192,Ogrody,15579,"7inch",0,16,0,,16.882231,52.416981
285127,192,Słowiańska,15574,"7inch",0,16,0,,16.920544,52.427556
373712,192,Górczyn,15586,"7inch",0,13,0,,16.881988,52.381752
373714,192,Rondo Starołęka,15588,"7inch",0,20,0,,16.943557,52.380786
373716,192,Rondo Solidarności,15589,"7inch",0,18,0,,16.93741,52.43386
373719,192,UAM Wydział Nauk Politycznych i Dziennikarstwa,15592,"7inch",0,14,0,,16.925388,52.465629
373720,192,Kurpińskiego,15593,"7inch",0,20,0,,16.919723,52.451143
391393,192,Wilczak,15594,"7inch",0,18,0,,16.946829,52.427766
391394,192,Garbary,15595,"7inch",0,18,0,,16.938922,52.41647
391395,192,Zielona,15596,"7inch",0,13,0,,16.935301,52.404347
391422,192,Malta SKI,15597,"7inch",0,28,0,,16.978555,52.399908
391423,192,Zamek,15598,"7inch",0,18,0,,16.919492,52.407514
391428,192,Os. Lecha,15599,"7inch",0,18,0,,16.977332,52.389895
44446590,8,Eckenheimer Landstraße,4207,free,0,0,0,,8.684196,50.136596
48860682,8,Ginnheimer Landstraße Bus,4301,free,0,0,0,,8.645409,50.130854
109164332,8,Höchst Bahnhof Süd,4313,free,0,0,0,,8.542422,50.101951
109164755,8,Bolongarostraße,4314,free,0,0,0,,8.550018,50.10025
109165182,8,Tillystraße,4315,free,0,0,0,,8.560215,50.101825
76289121,775,DJH - Jugendherberge Mirow 57113,57113,stele,0,12,0,,12.795183,53.289998
16338671,148,Plac Staszica,15154,sign,0,10,0,,17.03061,51.12274
141474379,14,Hst. Berliner Str. (R),50760,free,16,0,0,,7.090518,50.920212
150425967,8,Taunsstraße,42036,"",0,0,0,,8.663834,50.108294
33278945,639,ORLEN-Miodowa/Mościckiego,6368,character,0,15,0,,19.675908,52.55632
33279084,639,ORLEN-Zajazd Słupno,6377,"7inch",0,12,0,,19.837388,52.505519
121569,192,Poznań Główny,15570,"7inch",0,18,0,,16.911623,52.402831
72519869,431,Dworzec PKP,3953,"7inch",0,12,0,,18.071,51.74317
109168992,8,Höchst Markt,4317,free,0,0,0,,8.545421,50.099582
144043892,14,Ludwigstraße,50658,sign,18,0,0,,6.955097,50.938973
30644541,383,Engelberger Druck AG / Oberstmühle 3,7856,"",0,0,0,,8.35485,46.967386
6152823,372,AGORA,6440,"7inch",0,23,0,,21.047831,52.203313
17627567,613,Blücherplatz,20004,sign,21,0,0,,10.136861,54.341722
17627783,613,Anleger Reventlou,20005,sign,14,0,0,,10.151512,54.333717
17627858,613,Bullbrücke,20006,sign,21,0,0,,10.233583,54.397583
17627881,613,Bahnhof Suchsdorf,20007,sign,21,0,0,,10.090778,54.349806
17630728,613,Christian-Albrechts-Platz,20009,sign,21,0,0,,10.123222,54.339222
17631200,613,CAU Sportstätten,20011,sign,21,0,0,,10.111139,54.343444
17631237,613,Exerzierplatz,20013,sign,21,0,0,,10.128389,54.321583
17631246,613,Marine-Ehrenmal,20014,sign,21,0,0,,10.228306,54.411667
13021035,192,Jeleniogórska,15632,sign,0,0,0,,16.850551,52.388926
89819087,8,Riedhalsstraße,4311,free,0,0,0,,8.697403,50.1826
86223341,462,Renthof Kassel,7035,free,0,0,0,,9.504282,51.31482
12711205,148,TEST_WROCŁAW_ANIA,0,sign,0,0,0,,21.056757,52.271348
93809506,1,TINK - LVB Service-Center,4005,free,23,0,0,,12.37481,51.33665
33279608,639,ORLEN-Harcerska/Wyszogrodzka,6388,character,0,15,0,,19.775809,52.529597
33279627,639,ORLEN-Mickiewicza/Bielska,6389,character,0,15,0,,19.69535,52.552314
33279657,639,ORLEN-Centrum Seniora/Otolińska,6390,character,0,15,0,,19.7161,52.547934
96778677,547,Greenjuice Festival Süd,4791,free,0,0,0,,7.147194,50.74075
89993922,462,Grimmwelt,7094,free,0,2,0,,9.489353,51.309371
89994076,462,Schwanenwiese,7095,free,0,2,0,,9.511901,51.310118
107433525,710,"Norla, Pop UP, Grüner Kamp 01.-04.09.2022",20158,"",21,0,0,,9.666905,54.28931
94504987,748,Ostbahnbegleitstraße / Lavendelweg,32264,free,0,6,0,,16.496835,48.234096
94505959,748,Hannah-Arendt-Platz,32266,free,0,15,0,,16.501288,48.224101
94506789,748,Christine-Touaillon-Straße,32270,free,0,4,0,,16.509899,48.223366
405766,302,Corinthia,6840,sign,0,8,0,,14.489545,35.928923
405768,302,Westin,6842,sign,0,8,0,,14.492174,35.924949
405769,302,Hilton Malta,6843,sign,0,6,0,,14.492233,35.921799
350570,176,Tierpark Wolgast 5624,5624,"",0,10,0,,13.773766,54.070602
91762649,789,"77 SON COSTA - SON FORTESA",34271,stele,14,20,0,,2.666056,39.584167
407020,302,Xwieki,6876,sign,0,8,0,,14.470947,35.909674
43545013,711,Hafen Eckernförde,20073,sign,21,0,0,,9.83861,54.47477
66096128,709,Písek - Jaromíra Malého (potraviny),48393,sign,27,0,0,,14.163941,49.311351
405837,302,Sliema Road,6869,sign,0,8,0,,14.490538,35.905346
99833,176,Bahnhof Heringsdorf 5563,5563,stele,0,10,0,,14.169483,53.949415
99836,176,Bahnhof Ahlbeck 5564,5564,stele,0,7,0,,14.188104,53.935779
99838,176,Parkplatz Lindenstr. Ahlbeck 5565,5565,stele,0,10,0,,14.185592,53.940188
117708,176,Campingplatz 01 Ostseeblick Trassenheide 5567,5567,stele,0,4,0,,13.885807,54.090203
117709,176,Düne 74 An der Dünenresidenz Karlshagen 5568,5568,stele,0,6,0,,13.831289,54.127339
66097105,709,Písek - V.Kršky/O.Jeremiáše,48398,sign,27,0,0,,14.163458,49.305846
43197428,613,ADAC,20068,sign,21,0,0,,10.110267,54.312104
14043132,620,Al. Jana Pawła II,6246,"7inch",0,15,0,,16.882574,52.34329
29257969,620,Pl. Bojanowskiego,6248,"7inch",0,12,0,,16.861076,52.349716
29257977,620,Park Siewcy,6249,"7inch",0,12,0,,16.88953,52.33301
29257989,620,Zespół Szkół,6239,"7inch",0,12,0,,16.89727,52.34819
41314707,620,Ośrodek Kultury,6226,"7inch",0,12,0,,16.87815,52.32742
41314708,620,Targowa,6225,"7inch",0,12,0,,16.87191,52.33963
117273274,748,Long Night of the Museums,32484,free,17,0,0,,16.361751,48.204839
70252,174,Stockerau / Rathausplatz,3544,"",0,0,0,,16.207017,48.384149
71521,176,Balticpark Swinemünde 5548,5548,stele,0,10,0,,14.258515,53.919022
71526,176,Yachthafen Swinemünde 5551 ,5551,stele,0,8,0,,14.266917,53.909761
73746,176,Ostseestrandklinik Störtebeker Strandstr. Kölpinsee  5556,5556,sign,0,0,0,,14.021694,54.038632
75016,176,Aquarius Ferienwohnungen Loddin 5557,5557,sign,6,0,0,,14.006465,54.023225
17631542,613,Kirchhofallee,20020,sign,21,0,0,,10.120583,54.316194
17631560,613,Kronshagen Rathaus,20021,stele,21,0,0,,10.08535,54.332176
17631571,613,Muthesius Kunsthochschule,20022,sign,21,0,0,,10.128333,54.327389
17631622,613,Rathaus Waisenhofstraße,20023,sign,21,0,0,,10.132444,54.321722
17631650,613,Rathausplatz,20024,sign,21,10,0,,10.13382,54.32241
27604450,661,P3-Slavíkova (výstup metra J. z Poděbrad),46225,sign,0,10,0,,14.44891,50.07772
2553631,192,Rolna,15607,"7inch",0,15,0,,16.91677,52.38295
28380339,660,Osová - Lidl,46621,sign,0,0,0,,16.569679,49.171439
31363816,14,Gürzenich,50718,sign,0,0,0,,6.958664,50.936181
66097683,709,Písek - Budějovická (u zastávky),48401,sign,0,0,0,,14.159811,49.301859
148306824,661,P2 - Řašínovo nábřeží / Trojická ,49567,sign,0,2,0,,14.41467,50.07059
59976643,14,Vor den Feldern/Im Bodesfeld,50704,sign,0,0,0,,7.087425,50.860769
94506482,748,Sonnenallee,32269,free,0,5,0,,16.506947,48.223828
64843464,812,.Nextbike HQ-PH Test,99994,"7inch",0,2,0,,21.063924,52.31248
141581643,812,.Nextbike HQ-AM Test,99991,"7inch",0,2,0,,20.970733,52.260527
103290836,661,P7 - Port 7 ,49479,sign,0,4,0,,14.44082,50.112061
115966459,661,P6 - FEL,49504,sign,0,4,0,,14.392691,50.102472
66432,176,Bahnhof Züssow 5539,5539,"",0,4,0,,13.548503,53.973771
41314703,620,LOSIR,6227,"7inch",0,12,0,,16.86261,52.3427
33720950,192,Ognik,15665,sign,0,0,0,,16.87026,52.4076
43544155,613,Braunstraße,20054,sign,21,0,0,,10.145623,54.280455
118032177,617,Trstenik,21059,"7inch",14,0,0,,16.475547,43.507378
159937942,538,Test BikeKIA,5382,smart_sign,0,0,0,,17.377281,48.682121
159832890,661,For Bikes - vchod,49242,sign,0,2,0,,14.514494,50.129179
41033673,354,Sidwell Street,82504,stele,14,7,0,,-3.524578,50.726686
47269449,251,ul. Wojciechowska / Szkoła ,60044,sign,0,15,0,,22.507703,51.247042
47269537,251,ul. Węglarza / Pętla MPK,60045,sign,0,15,0,,22.582585,51.26933
47270007,251,ul. Jantarowa / al. Jana Pawła II ,60048,sign,0,15,0,,22.491556,51.225613
47270098,251,ul. Godebskiego / LO im. Staszica ,60049,sign,0,15,0,,22.536322,51.24952
47271296,251,ul. Nowy Świat 36 ,60059,sign,0,15,0,,22.56399,51.2257
47273293,251,ul. Krochmalna / ul. Przeskok,60084,sign,0,0,0,,22.55133,51.22555
19828996,518,Wierzeje,6186,"7inch",0,12,0,,19.73872,51.40568
99688988,719,Hruškové Dvory,48497,sign,0,0,0,,15.61292,49.407626
28139790,660,Kounicova - Billa,46565,sign,0,0,0,,16.593218,49.210263
37024604,362,virtuell - Jelbi-Punkt Jägerstraße/Friedrichstraße,1214,free,18,4,0,,13.389044,52.513902
137184518,14,St Andreas Rückgabestation ,50744,free,16,16,0,,6.955662,50.941802
15857245,8,Heddernheimer Landstraße,4126,free,0,0,0,,8.634911,50.163838
47271373,251,ul. Łęczyńska / ul. Przyjaźni ,60061,sign,0,15,0,,22.58788,51.24156
47271407,251,ul. Zana / Policja ,60062,sign,0,15,0,,22.53018,51.23749
47271473,251,ul. Rymwida / ul. Filaretów ,60063,sign,0,15,0,,22.53073,51.241
47271796,251,al. Kompozytorów Polskich / ul. Paganiniego ,60064,sign,0,15,0,,22.55393,51.25708
47271875,251,ul. Braci Wieniawskich / ul. Kaprysowa ,60065,sign,0,15,0,,22.54592,51.26276
47271955,251,al. Smorawińskiego / ul. Szeligowskiego ,60066,sign,0,15,0,,22.55739,51.26344
47272122,251,ul. Antoniny Grygowej ,60068,sign,0,15,0,,22.636594,51.243358
10213552,570,Al. ZHP / Parking,7638,sign,0,15,0,,19.360654,52.227663
170001004,1,DHFK,4007,free,17,0,0,,12.353301,51.341923
47285204,251,ul. Koncertowa / ul. Braci Wieniawskich,60099,sign,0,0,0,,22.541816,51.2622
47282821,331,ul. Racławicka / ul. Wyszyńskiego,60123,"7inch",0,15,0,,22.69805,51.21601
47283833,331,Brzeziny,60127,"7inch",0,15,0,,22.70819,51.21123
47283899,331,Centrum Kultury,60126,"7inch",0,15,0,,22.69323,51.22004
47284255,331,ul. Niepodległości,60125,"7inch",0,15,0,,22.70785,51.21889
131216337,548,.Nextbike HQ-AM Test,999574,sign,0,2,0,,21.056778,52.271322
47270254,251,ul. Nałęczowska / ul. Sławin ,60051,sign,0,15,0,,22.49161,51.25575
47270783,251,ul. Kruczkowskiego / ul. Dunikowskiego ,60057,sign,0,15,0,,22.57176,51.2146
47271057,251,ul. Kunickiego / ul. Oboźna ,60058,sign,0,15,0,,22.57502,51.22299
47271329,251,ul. Długa / Poczta ,60060,sign,0,15,0,,22.581722,51.228143
47272210,251,ul. Willowa / ul. Mineralna,60069,sign,0,15,0,,22.528167,51.262472
47272244,251,Plac Singera,60070,sign,0,0,0,,22.57551,51.25342
47272355,251,Choiny P+R,60072,sign,0,0,0,,22.55097,51.28464
47272411,251,al. Andersa cmentarz,60073,sign,0,0,0,,22.57839,51.25989
47272506,251,ul. Szeligowskiego Nord Park,60075,sign,0,0,0,,22.55823,51.25659
47272672,251,ul. Pancerniaków,60079,sign,0,0,0,,22.61698,51.23265
47272762,251,ul. Krańcowa / Rondo Kasprzaka,60080,sign,0,0,0,,22.594644,51.235962
47272972,251,Specjalna Strefa Ekonomiczna,60081,sign,0,0,0,,22.64592,51.22159
47273108,251,ul. Kunickiego PKP,60082,sign,0,0,0,,22.57148,51.2317
13810258,383,Hotel Krone/Sternen / Buochs,7840,"",0,0,0,,8.420548,46.973525
179622495,685,Verwaltungsstelle Langebrück,43210,free,17,0,0,,13.846239,51.126957
2199163,128,Gaiļezers,6676,"",0,0,0,,24.235969,56.968445
191588180,547,Stiftsplatz,53241,free,23,0,0,,7.10118,50.73922
186567668,691,Windeck - Schladern Bahnhof (E-Cargo),53903,traffic_sign,23,0,0,,7.59195,50.807189
294345,128,Business Garden,6701,"",0,7,0,,24.036487,56.926313
29092107,662,Globus - Opava,47239,sign,0,0,0,,17.939746,49.928762
11219604,717,Nomago HQ,3288,sign,17,4,0,,14.502034,46.056489
152247411,8,Frankfurter Berg,42041,free,17,0,0,,8.676443,50.170631
205539764,817,Temporäre Universität Hambach,51247,"",17,0,0,,6.541544,50.86627
147107258,126,Schädrütihalde / Schädrütistrasse,8170,"",0,0,0,,8.339519,47.054343
47264313,251,ul. Filaretów / ul. Radości,60014,sign,0,15,0,,22.527857,51.23076
47264562,251,Al. Racławickie / Rondo Krwiodawców,60015,sign,0,15,0,,22.52671,51.25147
47265072,251,ul. Poniatowskiego / XXIII LO,60018,sign,0,15,0,,22.540373,51.251296
47265146,251,ul. Romera ,60019,sign,0,15,0,,22.5422,51.21071
47265356,251,ul. Droga Męczenników Majdanka / ul. Krańcowa,60022,sign,0,15,0,,22.59049,51.23187
47265891,251,ul. Nadbystrzycka / Politechnika Lubelska,60027,sign,0,15,0,,22.548698,51.23699
47265973,251,ul. Radziszewskiego / ul. Akademicka ,60028,sign,0,15,0,,22.54231,51.24634
47266021,251,ul. Zana / ZUS,60029,sign,0,15,0,,22.52883,51.23826
47266528,251,ul. Piłsudskiego / MPWiK ,60030,sign,0,15,0,,22.558698,51.239818
47266678,251,ul. Szaserów 15 / biblioteka,60031,sign,0,15,0,,22.505643,51.234098
47266926,251,ul. Roztocze / SP nr 50,60032,sign,0,15,0,,22.4928,51.22993
47267108,251,ul. Zakopiańska 5 ,60033,sign,0,15,0,,22.54847,51.27511
47267143,251,ul. Kiepury / Dom Kultury,60034,sign,0,15,0,,22.544739,51.259199
47267178,251,ul. Spokojna / Urząd Wojewódzki,60035,sign,0,15,0,,22.553832,51.249896
47267277,251,ul. Hieronima Łopacińskiego / KUL,60036,sign,0,15,0,,22.54336,51.24818
47267761,251,ul. Elsnera / WSSP / ul. Choiny,60039,sign,0,15,0,,22.557378,51.269403
47267806,251,ul. Głęboka / Uniwersytet Przyrodniczy,60040,sign,0,15,0,,22.54578,51.240886
47269258,251,ul. Gospodarcza / ul. Hutnicza,60041,sign,0,15,0,,22.596393,51.242011
47269296,251,ul. Dziewanny 21 / ul. Różana,60042,sign,0,15,0,,22.51703,51.23295
47269341,251,ul. Nadbystrzycka / ul. Pozytywistów,60043,sign,0,15,0,,22.537664,51.231687
47270186,251,ul. Walecznych / ul. Unicka,60050,sign,0,15,0,,22.57553,51.25621
47273391,251,ul. Lotnicza / LSS,60085,sign,0,0,0,,22.5859,51.23289
47280120,251,ul. Zana E’Leclerc,60092,sign,0,0,0,,22.518896,51.241159
47280747,251,Centrum Spotkania Kultur,60105,sign,0,0,0,,22.547953,51.247337
47281278,251,al. Unii Lubelskiej / Błonia pod Zamkiem,60107,sign,0,0,0,,22.5742,51.24966
47281320,251,ul. Paderewskiego / ul. Leszetyckiego,60108,"7inch",0,15,0,,22.55407,51.27611
47281668,251,ul. Jana Pawła II / Rondo NSZ,60119,"7inch",0,15,0,,22.535985,51.224017
47281718,251,ul. Ruska / Skarpa,60120,"7inch",0,15,0,,22.57235,51.25293
47284308,331,ul. Generała Tadeusza Góry,60124,"7inch",0,15,0,,22.69666,51.225972
45946888,8,Heerstraße,4224,"",0,0,0,,8.607554,50.144898
99689959,719,Hruškové Dvory - prům. zóna,48498,sign,0,0,0,,15.603925,49.416675
47261865,251,ul. Chodźki / ul. Hirszfelda,60003,sign,0,15,0,,22.568209,51.259108
47262204,251,ul. Judyma 2a - Dom Kultury,60009,sign,0,15,0,,22.48856,51.23595
47262232,251,al. Kraśnicka / Konstantynów,60010,sign,0,15,0,,22.501443,51.239949
132562406,833,"Taller - Bicicletas Cargando ""CHARGING BIKES""",34994,"",26,0,0,,2.066481,41.362686
59960297,88,Knutwil / Jugenddorf,9060,"",0,0,0,,8.072366,47.211832
27605134,661,P4 - Pujmanové,46324,sign,0,10,0,,14.435107,50.048071
152248385,8,Bad Vilbel Süd,42043,free,17,0,0,,8.734033,50.178283
152248978,8,Offenbach Kaiserlei,42048,free,17,0,0,,8.736383,50.105167
153308740,8,Uhlandstraße/ Ostend str.,4320,"",0,0,0,,8.696244,50.113289
98457971,130,Kemnader See Bochum,7189,free,0,0,0,,7.281784,51.438396
31107854,658,Sahlgrenska huvudentré,41218,smart_sign,0,0,0,,11.960343,57.683052
158042529,680,SOU Plynárenské,476301,sign,0,0,0,,15.764659,50.05357
152247196,8,Berkersheim,42040,free,17,0,0,,8.698346,50.177654
152248672,8,Groß Karben,42045,free,17,0,0,,8.75435,50.23223
152248726,8,Offenbach Ost,42046,free,17,0,0,,8.783892,50.102418
152248902,8,Offenbach Marktplatz,42047,free,17,0,0,,8.761658,50.106492
183777588,408,Test station Scooter,34010,free,17,0,0,,-15.429429,28.091821
13810541,383,Restaurant Schlüssel / Ennetbürgen,7842,"",0,0,0,,8.418923,46.98733
13810594,383,TCS Camping / Buochs,7843,"",0,0,0,,8.417915,46.979528
47261981,251,ul. Zamojska / Stary most,60005,sign,0,15,0,,22.571127,51.239291
47267693,251,ul. Antoniego Gębali / Szpital,60038,sign,0,15,0,,22.561718,51.260703
16732531,523,Gostkowska Cmentarz,6149,"7inch",0,15,0,,20.61838,52.89252
180663574,1,VELO-CITY / Hallisches Tor 1,40022,free,17,0,0,,12.377198,51.344107
180665997,1,VELO-CITY / SchwanenTeich,40024,free,17,0,0,,12.381012,51.342844
180662438,1,VELO-CITY / Markt Nord,40021,free,17,0,0,,12.375197,51.340877
180663856,1,VELO-CITY / Hallisches Tor 2,40023,free,17,0,0,,12.376694,51.34399
57054186,661,P1 - vstup Florentinum ,48362,sign,0,4,0,,14.435202,50.08871
47261927,251,ul. Związkowa / WSPA,60004,sign,0,15,0,,22.569142,51.269893
47281379,251,Al. Tysiąclecia / Plac Zamkowy,60110,"7inch",0,15,0,,22.57064,51.25123
13810476,383,nidair Flugfeld / Ennetbürgen,7841,"",0,0,0,,8.402374,46.980809
15682661,624,Hofmatt / Gartenweg,8084,"",0,0,0,,8.342979,47.082485
9018448,532,"08-ZUNZUNEGUI",3367,"7inch",14,25,0,,-2.949185,43.261718
194563491,661,Škoda lávka,49094,sign,0,10,0,,14.470137,50.0675
47267604,251,ul. Jana Hempla / ul. Peowiaków,60037,sign,0,15,0,,22.558504,51.246773
47272535,251,al. Smorawińskiego / al. Spółdzielczości Pracy,60076,sign,0,0,0,,22.571562,51.262393
47272578,251,ul. Do Dysa / al. Spółdzielczości Pracy ,60077,sign,0,0,0,,22.57277,51.27565
47272637,251,ul. Turystyczna / PH Tatary,60078,sign,0,0,0,,22.59792,51.25155
133204106,271,SL- ZŠ Chrustova,496008,sign,0,0,0,,18.319365,49.849628
19772006,643,Večgeneracijski center,3282,"7inch",14,6,-2,,15.382405,46.380096
95018713,354,"Imperial Road, Exmouth",8262,sign,0,0,0,,-3.415911,50.620496
66512,1,Mitteldeutsche Medientage Spinnerei,4053,free,17,0,0,,12.315357,51.325818
47261835,251,Al. Smorawińskiego / Al. Kompozytorów Polskich,60002,sign,0,15,0,,22.552207,51.262979
47262119,251,ul. Szczerbowskiego / ul. Muzyczna,60007,sign,0,15,0,,22.55395,51.238549
47262160,251,ul. Zana / Akademiki UMCS,60008,sign,0,15,0,,22.51611,51.24366
47269736,251,ul. Nałkowskich / ul. Fulmana ,60046,sign,0,15,0,,22.54271,51.20116
47269760,251,ul. Niepodległości 12,60047,sign,0,15,0,,22.5936,51.25815
46510784,190,Workshop,898989,"",0,0,0,,32.993059,34.671723
41271566,681,Technický park - výtah,48998,sign,0,0,0,,14.901785,50.412769
47270522,251,ul. Radości / Gimnazjum,60054,sign,0,15,0,,22.531,51.2281
47270562,251,ul. Diamentowa / ul. Medalionów ,60055,sign,0,15,0,,22.54604,51.21786
47281586,251,ul. Cukrownicza / ZDiM / Arena Lublin,60117,"7inch",0,15,0,,22.55704,51.22886
47281623,251,ul. Jana Pawła II / ul. Gęsia,60118,"7inch",0,15,0,,22.48057,51.226691
47282750,251,ul. Leszczyńskiego,60121,"7inch",15,15,0,,22.54625,51.25049
47262053,251,ul. Krakowskie Przedmieście / ul. Krótka,60006,sign,0,15,0,,22.55322,51.247626
47263385,251,ul. Armii Krajowej / ul. Jutrzenki,60011,sign,0,15,0,,22.513288,51.23043
47263438,251,ul. Ametystowa 15 / sklep Stokrotka,60012,sign,0,15,0,,22.50975,51.22186
47264055,251,ul. Filaretów - pętla autobusowa / ul. Wyżynna,60013,sign,0,15,0,,22.52336,51.22341
47265265,251,ul. Kunickiego / ul. Mickiewicza,60020,sign,0,15,0,,22.58045,51.216525
47265314,251,ul. Droga Męczenników Majdanka - Muzeum,60021,sign,0,15,0,,22.60914,51.22457
30612186,195,Neckarau - Rheingoldplatz,25025,smart_sign,0,0,0,,8.483044,49.454718
205455376,8,Nationaler Radverkehrskongress,42051,free,17,0,0,,8.654365,50.110807
47282782,251,ul. Osmolicka / Słoneczny Wrotków 2,60122,"7inch",15,15,0,,22.544975,51.189726
47265491,251,ul. Dobrzańskiego / pętla autobusowa ,60023,sign,0,15,0,,22.622695,51.226319
47265563,251,ul. Mełgiewska / WSEI,60024,sign,0,15,0,,22.61116,51.2469
47265712,251,ul. Agronomiczna / Skansen,60025,sign,0,15,0,,22.506239,51.262207
28045545,383,Rütenen / Rütenenstrasse Beckenried,7854,"",0,0,0,,8.508439,46.962902
47280265,251,ul. Wolska,60095,sign,0,0,0,,22.57659,51.23623
47265804,251,Dworzec PKP,60026,sign,0,15,0,,22.566476,51.23349
47272284,251,ul. Bazylianówka / al. Spółdzielczości Pracy ,60071,sign,0,0,0,,22.57268,51.25905
47273447,251,ul. Kunickiego / ul. Matejki,60086,sign,0,0,0,,22.578213,51.219445
47273574,251,ul. Diamentowa / ul. Zemborzycka,60087,sign,0,0,0,,22.559642,51.203344
47273945,251,ul. Jana Pawła II / os. Górki,60088,sign,0,0,0,,22.530701,51.225277
47280016,251,ul. Szmaragdowa,60089,sign,0,0,0,,22.518985,51.226903
47280050,251,Osiedle Poręba pętla,60090,sign,0,0,0,,22.50179,51.22192
47280087,251,ul. Biedronki liceum,60091,sign,0,0,0,,22.50739,51.22994
47280387,251,ul. Dolna Panny Marii,60097,sign,0,0,0,,22.5609,51.24347
47280436,251,ul. Nałęczowska / al. Kraśnicka,60098,sign,0,0,0,,22.519256,51.248567
47280490,251,Hotel Victoria,60100,sign,0,0,0,,22.55516,51.24179
47280522,251,ul. Obrońców Pokoju / ul.Raabego,60101,sign,0,0,0,,22.545142,51.245121
47280555,251,ul. Wieniawska,60102,sign,0,0,0,,22.551804,51.249768
47280586,251,ul. Radziwiłłowska / ul. Niecała,60103,sign,0,0,0,,22.55996,51.24944
